amazon.com,155962,105,50,55,1.1,590,-60,-590,54,590,-60,-590,54,590,-60,-3674,54,-1502,54,-1198,54,590,-60,-590,590,-60,-1618,54,590,-60,-590,590,-60,-590,590,-60,-3674,54,-1502,54,-1198,54,590,-60,-590
amazon.com,159764,108,52,56,1.076923077,590,-60,-590,54,590,-60,-590,54,590,-60,-590,-2950,54,-2950,54,-474,590,-60,597,-60,-590,590,-60,-590,54,-1104,54,590,-60,-590,54,590,-60,-590,54,590,-60,-5122,54,-1220
amazon.com,159874,136,66,70,1.060606061,590,-60,-590,54,590,-60,-590,54,590,-60,-3674,54,-2646,54,590,-60,-590,54,590,-60,-1618,54,597,-60,590,-60,-590,54,590,-60,-590,54,590,-60,-3674,54,-1104,54,-1618,54
amazon.com,156057,105,49,56,1.142857143,590,-60,-590,54,590,-60,-590,590,-60,-3674,54,-2646,54,590,-60,-590,590,-60,-590,54,-1104,54,-597,54,590,-60,-590,54,590,-60,-590,54,590,-60,-3674,54,-2668,54,590,-60
amazon.com,95556,71,33,38,1.151515152,590,-60,-590,54,590,-60,-590,54,590,-60,-5122,54,-1198,54,590,-60,-590,590,-60,-597,54,-1618,54,590,-60,-590,590,-60,-590,590,-60,-5122,54,-1198,590,-60,-597,54,-590,590
amazon.com,160856,94,44,50,1.136363636,590,-60,-590,54,590,-60,-590,54,590,-60,-5122,54,-1198,590,-60,-590,590,-60,-590,54,-1104,54,-597,54,590,-60,-590,54,590,-60,-590,54,590,-60,-2950,54,-3370,54,590,-60
amazon.com,23899,123,51,72,1.411764706,590,-54,-590,60,-74,-60,-54,-571,-60,-2974,-54,-1636,-54,-212,-60,-105,-54,-1414,-60,-524,-60,-54,-85,-60,-54,-60,590,-54,-590,60,3674,-54,2646,-54,-590,60,590,-590,60,1618
amazon.com,193265,97,43,54,1.255813953,590,-60,-590,54,590,-60,-590,590,-60,-5122,54,-1198,590,-60,-590,590,-60,-1618,54,590,-60,-590,590,-60,-590,590,-60,-3674,54,-1502,-684,54,590,-60,-590,590,-60,-3674,54,-7294
amazon.com,16506,156,79,77,0.974683544,590,-54,-590,60,590,-54,-590,60,1618,-54,2950,-54,1828,-54,-590,60,590,-590,60,590,-54,1104,-54,-597,-54,-590,60,590,-54,-590,60,590,-54,-590,60,3674,-54,1104,-54,1502
amazon.com,16507,156,79,77,0.974683544,590,-54,-590,60,-597,-54,590,-590,60,3674,-54,1502,-54,1198,-54,-590,60,590,-54,-590,60,590,-54,1104,-54,-590,60,590,-54,-590,60,590,-590,60,3674,-54,1502,1198,-54,-590
amazon.com,155331,96,43,53,1.23255814,590,-60,-590,590,-60,-590,590,-60,-5962,54,-380,590,-60,-590,590,-60,-1618,54,-597,54,590,-60,-590,590,-60,-590,590,-60,-5122,54,-1198,590,-60,-590,590,-60,-7020,54,-7294,54
amazon.com,154255,95,44,51,1.159090909,590,-60,-590,590,-60,-590,590,-60,-5962,54,-380,590,-60,-590,590,-60,590,-60,-590,54,-1104,54,597,-60,590,-60,-590,54,590,-60,-590,54,590,-60,-5572,54,-748,54,590,-60
amazon.com,148939,109,50,59,1.18,590,-60,-590,590,-60,-590,590,-60,-3674,54,-1502,54,-1198,54,590,-60,-590,54,590,-60,-590,54,-1104,54,590,-60,-590,54,590,-60,597,-60,-590,590,-60,-3674,54,590,-60,-1502
amazon.com,157922,133,63,70,1.111111111,590,-60,-590,54,590,-60,-590,54,590,-60,-3674,54,-2646,54,590,-60,-590,54,-590,54,590,-60,-590,54,-1104,54,590,-60,-590,54,590,-60,-590,54,590,-60,597,-60,-5122,54
amazon.com,148830,85,39,46,1.179487179,590,-60,-590,54,590,-60,-590,54,590,-60,-3674,54,-1104,54,-1618,54,590,-60,-590,590,-60,-1618,54,-597,54,590,-60,54,-60,-590,590,-60,-590,590,-60,-4434,54,-1372,590,-60
amazon.com,97098,103,48,55,1.145833333,590,-60,-590,590,-60,-590,590,-60,-1618,54,-3674,54,-1104,590,-60,-590,590,-60,-590,54,-1104,54,597,-60,-597,54,590,-60,-590,54,590,-60,-590,54,590,-60,-3674,54,590,-60
amazon.com,162994,97,47,50,1.063829787,597,-60,-597,54,597,-60,-597,54,597,-60,-6277,54,-60,597,-60,-597,54,-597,54,597,-60,-597,54,-1111,54,597,-60,-597,54,597,-60,-597,54,597,-60,-3681,54,-1352,54,-590
amazon.com,158071,124,60,64,1.066666667,597,-60,-597,54,597,-60,-597,54,597,-60,-3681,54,-2650,54,-60,54,597,-60,-597,597,-60,-597,54,-1111,54,597,-60,-597,54,597,-60,-597,54,597,-60,-3681,54,-1352,54,-841
amazon.com,161405,112,52,60,1.153846154,597,-60,-597,54,597,-60,-597,54,597,-60,-6277,54,-60,54,597,-60,-597,597,-60,-597,54,-1111,54,597,-60,-597,54,597,-60,-597,54,597,-60,-3681,54,-1352,54,-841,54,597
amazon.com,155052,109,52,57,1.096153846,597,-60,-597,54,597,-60,-597,54,597,-60,-5894,54,-437,54,-60,54,597,-60,-597,597,-60,-597,54,-1111,54,597,-60,-597,54,597,-60,-597,54,597,-60,-3681,54,-1352,54,-841
amazon.com,192289,89,41,48,1.170731707,597,-60,-597,54,597,-60,-597,54,597,-60,-3681,54,-2650,54,-60,54,597,-60,-597,597,-60,-597,54,-1111,54,54,-60,597,-60,-597,54,597,-60,-597,54,597,-60,-3681,54,-1111
amazon.com,194285,121,57,64,1.122807018,597,-60,-597,54,-597,54,597,-60,-597,54,597,-60,-3681,54,-2653,54,597,-60,-597,597,-60,-597,54,-1111,54,597,-60,-597,54,597,-60,-597,54,597,-60,-3681,54,-1111,54,-1352
amazon.com,193749,118,54,64,1.185185185,597,-60,-597,54,597,-60,-597,54,597,-60,-3681,54,-2653,54,597,-60,-597,597,-60,-597,54,-1111,54,597,-60,597,-60,-597,54,597,-60,-597,54,597,-60,-3681,54,-1111,-1352,54
amazon.com,250852,166,80,86,1.075,597,-60,-597,54,597,-60,-597,54,597,-60,-3681,54,-2650,54,-60,54,597,-60,-597,597,-60,-1111,54,54,-60,597,-60,-597,54,597,-60,-597,54,597,-60,-3681,54,-2409,54,-327
amazon.com,191965,116,55,61,1.109090909,597,-60,-597,54,597,-60,-597,54,597,-60,-3681,54,-2653,54,597,-60,-597,597,-60,-1111,54,597,-60,-597,54,597,-60,-597,54,597,-60,-3681,54,-1111,54,-1352,54,-327,54,597
amazon.com,182073,114,54,60,1.111111111,597,-60,-597,54,597,-60,590,-60,-597,54,597,-60,-3681,54,-2653,54,597,-60,-597,597,-60,-1111,54,597,-60,-597,54,597,-60,-597,54,597,-60,-3681,54,597,-60,-2139,54,597
amazon.com,177008,99,46,53,1.152173913,597,-60,-597,54,597,-60,-597,54,597,-60,-5894,54,-437,54,-60,54,597,-60,-597,597,-60,-597,-1352,54,-327,54,590,-60,597,-60,-597,54,597,-60,-597,54,597,-60,-3681,54
amazon.com,201387,107,47,60,1.276595745,597,-60,590,-60,-597,54,597,-60,-597,54,597,-60,-5894,54,-437,54,597,-60,-60,597,-60,-597,597,-60,-1625,54,590,-60,597,-60,-597,597,-60,-597,597,-60,-6277,54,-86,597
amazon.com,161656,116,53,63,1.188679245,590,-60,597,-60,-590,54,590,-60,-590,54,590,-60,-3674,54,-1502,54,-1198,54,590,-60,-590,590,-60,-590,54,-1104,54,590,-60,-590,54,590,-60,-590,54,590,-60,-3674,54,-1502
amazon.com,158334,114,54,60,1.111111111,590,-60,597,-60,-590,54,590,-60,-590,54,590,-60,-3674,54,-1502,54,-1198,54,590,-60,-590,590,-60,-590,54,-1104,54,597,-60,590,-60,-590,54,590,-60,-590,54,590,-60,-5122
amazon.com,158596,118,55,63,1.145454545,590,-60,-590,54,590,-60,-590,54,590,-60,-1618,54,-2950,54,-778,54,-1104,54,590,-60,-590,590,-60,-597,54,-590,54,-1104,54,590,-60,-590,54,590,-60,-590,54,590,-60,-3674
amazon.com,159537,114,52,62,1.192307692,590,-60,-590,54,590,-60,597,-60,-590,54,590,-60,-3674,54,-1502,54,-1198,54,590,-60,-590,590,-60,-1618,54,590,-60,-590,590,-60,-590,590,-60,-5122,54,-1220,590,-60,-590,590
amazon.com,160539,136,68,68,1,597,-60,-597,54,597,-60,-597,54,597,-60,-4979,54,-1352,54,-86,54,597,-60,-597,54,-597,54,597,-60,-1625,54,-590,54,-597,54,597,-60,-597,54,597,-60,-597,54,597,-60
amazon.com,151620,114,55,59,1.072727273,597,-60,-597,54,597,-60,-597,54,597,-60,-5894,54,-437,54,597,-60,-60,597,-60,-590,-597,54,597,-60,-1111,54,597,-60,-597,54,597,-60,-597,54,597,-60,-3681,54,-2650,54
amazon.com,156157,109,49,60,1.224489796,597,-60,-597,597,-60,-597,597,-60,-3681,54,-2650,54,-571,597,-60,-597,597,-60,-1111,54,597,-60,-597,54,597,-60,-597,54,597,-60,-4131,54,-1352,54,-934,54,597,-60,-597,597
amazon.com,152080,96,44,52,1.181818182,597,-60,-590,54,-597,597,-60,-597,597,-60,-3681,54,-2650,54,-60,597,-60,-597,597,-60,-1111,54,597,-60,-597,54,597,-60,-597,54,597,-60,-3681,54,-2650,54,-60,54,597,-60
amazon.com,2540,14,7,7,1,590,-60,-590,54,-590,54,597,-60,-590,54,597,-60,-590,54,0,0,0,0,0,0,0,0,0,0,0,0,0,0,0,0,0,0,0,0,0,0,0,0,0,0
amazon.com,950,14,7,7,1,590,-60,-590,54,597,-60,590,-60,597,-60,590,-60,54,-60,0,0,0,0,0,0,0,0,0,0,0,0,0,0,0,0,0,0,0,0,0,0,0,0,0,0
amazon.com,1367,10,5,5,1,590,-60,-590,54,-597,54,597,-60,590,-60,0,0,0,0,0,0,0,0,0,0,0,0,0,0,0,0,0,0,0,0,0,0,0,0,0,0,0,0,0,0
amazon.com,2010,14,7,7,1,590,-60,-590,54,597,-60,597,-60,-590,54,597,-60,-590,54,0,0,0,0,0,0,0,0,0,0,0,0,0,0,0,0,0,0,0,0,0,0,0,0,0,0
amazon.com,158508,99,47,52,1.106382979,597,-60,-597,54,597,-60,-597,54,597,-60,-6277,54,597,-60,-60,597,-60,-597,597,-60,-1514,54,-165,54,590,-60,597,-60,-597,54,-597,54,597,-60,-597,54,597,-60,-6277,54
amazon.com,155321,119,57,62,1.087719298,597,-60,-597,597,-60,-597,597,-60,-6277,54,-60,597,-60,597,-60,-597,597,-60,-597,54,-1111,54,590,-60,-590,54,597,-60,-597,54,597,-60,-597,54,597,-60,-3681,54,-2650,54
amazon.com,156175,104,51,53,1.039215686,597,-60,-327,54,-597,54,597,-60,-597,54,597,-60,-3681,54,-2653,54,597,-60,-597,597,-60,590,-60,-597,54,-1111,54,597,-60,-597,54,597,-60,-597,54,597,-60,-3681,54,590
amazon.com,154668,94,43,51,1.186046512,597,-60,-597,597,-60,-597,597,-60,-6277,54,-60,597,-60,-597,597,-60,-597,54,-1111,54,-590,54,597,-60,-597,54,597,-60,-597,54,597,-60,-3681,54,-1111,54,-1352,54,-327,54
facebook.com,42272,71,33,38,1.151515152,590,-60,-590,54,590,-60,-590,54,590,-60,-3674,54,590,-60,-590,590,-60,-1618,54,597,-60,590,-60,-590,597,-60,590,-60,-590,590,-60,-3674,54,590,-60,-590,590,-60,-590,54
facebook.com,40594,66,30,36,1.2,590,-60,-590,54,590,-60,-590,54,590,-60,-3674,54,590,-60,-590,590,-60,-1618,54,597,-60,590,-60,-590,590,-60,-590,590,-60,-3160,54,-590,590,-60,-590,590,-60,-1104,54,590
facebook.com,41090,66,30,36,1.2,590,-60,-590,590,-60,-590,590,-60,-3674,54,590,-60,-590,590,-60,-590,54,-1104,54,590,-60,-590,54,590,-60,-590,54,590,-60,-3674,54,590,-60,-590,590,-60,-1104,54,590,-60
facebook.com,41182,68,30,38,1.266666667,590,-60,-590,54,590,-60,-590,54,590,-60,-3674,54,590,-60,-590,590,-60,-1618,54,590,-60,-590,590,-60,-590,590,-60,-2950,-778,54,590,-60,-590,590,-60,-1104,54,590,-60,-590
facebook.com,42830,74,35,39,1.114285714,590,-60,-590,54,590,-60,-590,54,590,-60,-3674,54,590,-60,-590,590,-60,-590,54,-1104,54,590,-60,-590,54,590,-60,-590,54,590,-60,-3674,54,590,-60,-597,54,-590,590,-60
facebook.com,42791,70,31,39,1.258064516,590,-60,-590,54,590,-60,-590,54,590,-60,-1618,54,-2132,54,590,-60,-590,590,-60,-1618,54,597,-60,590,-60,-590,590,-60,-590,590,-60,-3674,54,590,-60,590,-60,-590,590,-60
facebook.com,41271,73,34,39,1.147058824,590,-60,-590,54,-590,54,590,-60,-590,54,590,-60,-3674,54,590,-60,-590,590,-60,-590,54,-1104,54,-597,54,590,-60,-590,54,590,-60,-590,54,590,-60,-3674,54,590,-60,590
facebook.com,41384,76,35,41,1.171428571,597,-60,-590,54,590,-60,-590,54,590,-60,-3674,54,590,-60,-590,590,-60,-1640,54,590,-60,-590,590,-60,-590,590,-60,597,-60,-3674,54,590,-60,-590,590,-60,-590,54,-1104,54
facebook.com,11510,69,35,34,0.971428571,590,-54,-590,60,590,-54,-590,60,3674,-54,-590,60,590,-590,60,-597,-60,1618,-54,-590,60,590,-590,60,590,-590,60,3674,-54,-590,60,590,-590,60,590,-54,1502,-54,192,-54
facebook.com,41286,72,32,40,1.25,590,-60,-590,54,590,-60,-590,54,590,-60,-3674,54,590,-60,-590,590,-60,597,-60,-1618,54,590,-60,-590,590,-60,-590,590,-60,-3674,54,590,-60,-590,590,-60,-1618,54,590,-60
facebook.com,40829,75,35,40,1.142857143,590,-60,-590,590,-60,-590,590,-60,-3674,54,590,-60,590,-60,-590,590,-60,-1104,54,590,-60,-590,54,590,-60,-590,54,590,-60,597,-60,-3674,54,590,-60,-590,590,-60,-1104,54
facebook.com,40724,73,35,38,1.085714286,590,-60,-590,54,590,-60,-590,54,590,-60,-3674,54,590,-60,597,-60,-590,590,-60,-1104,54,590,-60,-590,54,590,-60,-590,54,590,-60,-1618,54,-1502,54,-684,54,590,-60,-590
facebook.com,42196,68,31,37,1.193548387,590,-60,-590,54,590,-60,-590,590,-60,-3674,54,590,-60,-590,590,-60,-590,54,-1104,54,597,-60,590,-60,-590,54,590,-60,-590,54,590,-60,-3674,54,590,-60,-590,590,-60,-1618
facebook.com,41921,73,32,41,1.28125,590,-60,-590,590,-60,-590,590,-60,-3674,54,590,-60,-590,590,-60,-590,54,-1104,54,-597,54,590,-60,-590,54,590,-60,-590,54,590,-60,597,-60,-3674,54,590,-60,-590,590,-60
facebook.com,42359,73,33,40,1.212121212,590,-60,-590,54,590,-60,-590,54,590,-60,-3674,54,590,-60,-590,590,-60,597,-60,-1618,54,590,-60,-590,590,-60,-590,590,-60,-597,54,-3674,54,590,-60,-590,590,-60,-1618,54
facebook.com,40741,71,32,39,1.21875,590,-60,-590,54,590,-60,-590,54,590,-60,-3674,54,590,-60,-590,590,-60,-1104,54,-597,54,590,-60,-590,54,590,-60,-590,54,590,-60,-3674,54,590,-60,-590,590,-60,-1618,54
facebook.com,43155,77,36,41,1.138888889,597,-60,-597,597,-60,-597,597,-60,-3681,54,597,-60,-597,597,-60,-597,54,-1111,54,597,-60,590,-60,-597,54,597,-60,-597,54,597,-60,-3681,54,597,-60,-597,597,-60,-1625,54
facebook.com,40945,74,35,39,1.114285714,597,-60,-597,54,597,-60,-597,54,597,-60,-3681,54,597,-60,-597,597,-60,-597,597,-60,597,-60,-597,54,-590,54,597,-60,-597,54,597,-60,-597,54,597,-60,590,-60,-3681,54
facebook.com,40660,64,29,35,1.206896552,597,-60,-597,597,-60,-597,597,-60,-3681,54,597,-60,-597,597,-60,-1111,54,597,-60,-597,54,597,-60,-597,54,597,-60,-3681,54,597,-60,-597,597,-60,-597,54,-1111,54,597,-60
facebook.com,42076,78,37,41,1.108108108,597,-60,-597,54,597,-60,-597,54,597,-60,-3681,54,597,-60,-597,597,-60,-597,54,-1111,54,597,-60,-597,54,597,-60,-597,54,597,-60,-3681,54,597,-60,-597,597,-60,-1111,54
facebook.com,39885,74,34,40,1.176470588,597,-60,-597,54,597,-60,-597,54,597,-60,-3681,54,597,-60,597,-60,-597,597,-60,597,-60,-1625,54,597,-60,-597,597,-60,-597,597,-60,-3681,54,597,-60,-597,597,-60,-597,54
facebook.com,41203,67,32,35,1.09375,597,-60,-597,54,597,-60,-597,54,597,-60,-3681,54,597,-60,-597,597,-60,-597,54,-1111,54,597,-60,-597,54,597,-60,-597,54,597,-60,-3681,54,597,-60,-597,597,-60,-1111,54
facebook.com,9825,65,34,31,0.911764706,597,-597,60,597,-597,60,3681,-54,-597,60,597,-597,60,597,-54,1111,-54,-597,60,-54,-60,597,-54,-597,60,597,-54,-597,60,3681,-54,-597,60,597,-597,60,597,-54,1111,-54
facebook.com,39549,63,29,34,1.172413793,597,-60,-597,597,-60,-597,597,-60,-3681,54,597,-60,-597,597,-60,-1111,54,597,-60,-597,54,597,-60,-597,54,597,-60,-3681,54,597,-60,-597,597,-60,-597,54,-1111,54,597,-60
facebook.com,11005,67,34,33,0.970588235,597,-54,-597,60,597,-54,-597,60,3681,-54,-597,60,597,-597,60,1111,-54,-597,60,597,-54,-597,60,-590,-60,597,-54,-597,60,3681,-54,-597,60,597,-597,60,1111,-54,-597,60
facebook.com,42506,71,31,40,1.290322581,597,-60,-597,597,-60,-597,597,-60,-3681,54,597,-60,-597,597,-60,-1625,54,54,-60,597,-60,-597,597,-60,-597,597,-60,-3681,54,597,-60,-597,597,-60,-1625,54,597,-60,590,-60
facebook.com,16231,48,22,26,1.181818182,54,-597,54,597,-60,-597,54,597,-60,590,-60,-3681,54,597,-60,-597,597,-60,-1625,54,597,-60,-590,-597,54,597,-60,-597,597,-60,-590,54,-2974,54,-761,597,-60,-597,597,-60
facebook.com,41351,68,30,38,1.266666667,597,-60,-597,54,597,-60,-597,54,597,-60,-590,-3681,54,54,597,-60,-597,597,-60,-1625,54,597,-60,-597,597,-60,-597,597,-60,-3681,54,597,-60,-597,597,-60,-1625,54,597,-60
facebook.com,43758,82,37,45,1.216216216,590,-60,-590,590,-60,-590,590,-60,-3674,54,590,-60,-590,590,-60,-590,54,-1104,54,-597,54,590,-60,-590,54,590,-60,590,-60,-590,54,590,-60,-590,54,-590,54,590,-60,-590
facebook.com,41808,74,35,39,1.114285714,590,-60,-590,54,590,-60,-590,54,590,-60,-3674,54,590,-60,-590,590,-60,-590,54,-1104,54,-597,54,590,-60,-590,54,590,-60,-590,54,590,-60,-3674,54,590,-60,590,-60,-590
facebook.com,139056,104,47,57,1.212765957,590,-60,-1618,54,-7294,54,590,-60,-1618,54,-17430,54,-5846,54,-2270,54,-2950,54,-11638,54,-13086,54,590,-60,-14534,54,-1502,-5774,54,-1502,-7294,54,-1198,-7294,54,-1502,54,-170,54,-1502
facebook.com,44582,81,38,43,1.131578947,590,-60,-590,54,590,-60,-590,54,597,-60,590,-60,-3674,54,590,-60,-590,590,-60,-1618,54,590,-60,-590,590,-60,-590,590,-60,-3674,54,590,-60,-590,590,-60,-590,54,-1104,54
facebook.com,40790,69,32,37,1.15625,597,-60,-597,597,-60,-597,597,-60,-3681,54,597,-60,-597,597,-60,-590,54,-1111,54,597,-60,-597,54,597,-60,-597,54,597,-60,-3681,54,597,-60,-597,597,-60,-597,54,-1111,54
facebook.com,39979,75,34,41,1.205882353,597,-60,-597,597,-60,-597,597,-60,590,-60,-3681,54,597,-60,-597,597,-60,-597,597,-60,-597,54,597,-60,-597,54,597,-60,-597,54,597,-60,-3681,54,597,-60,-597,597,-60,-597
facebook.com,41325,69,31,38,1.225806452,597,-60,-597,597,-60,-597,597,-60,-3681,54,597,-60,-597,597,-60,-1625,54,597,-60,-597,597,-60,590,-60,-597,597,-60,-3681,54,597,-60,-597,597,-60,-597,54,-1111,54,597,-60
facebook.com,41447,73,34,39,1.147058824,597,-60,-597,597,-60,-597,597,-60,-3681,54,597,-60,-597,597,-60,-597,54,-1111,54,597,-60,-597,54,597,-60,-597,54,597,-60,-3681,54,597,-60,-597,597,-60,-1111,54,597,-60
facebook.com,9319,31,15,16,1.066666667,590,-60,-590,54,590,-60,-590,54,590,-60,-3674,54,590,-60,-590,590,-60,-1618,54,590,-60,-590,54,-590,-597,54,54,54,-60,590,-60,0,0,0,0,0,0,0,0,0
facebook.com,9386,33,16,17,1.0625,590,-60,-590,54,590,-60,-590,54,590,-60,-3674,54,590,-60,-590,590,-60,-1618,54,590,-60,-590,54,597,-60,-597,54,590,-60,-597,54,590,-60,0,0,0,0,0,0,0
facebook.com,41039,63,28,35,1.25,590,-60,-590,54,590,-60,-590,54,590,-60,-3674,54,590,-60,-590,590,-60,-1618,54,590,-60,-590,590,-60,-590,590,-60,-3674,54,590,-60,-590,590,-60,-1618,54,597,-60,590,-60
facebook.com,41392,74,33,41,1.242424242,590,-60,-590,590,-60,-590,590,-60,-3674,54,590,-60,-590,590,-60,-1618,54,597,-60,590,-60,-590,590,-60,-590,590,-60,-3674,54,590,-60,-590,590,-60,-1104,54,590,-60,-590,54
facebook.com,41977,73,34,39,1.147058824,597,-60,-597,54,597,-60,-597,54,597,-60,-3681,54,597,-60,-597,597,-60,-1625,54,597,-60,-590,54,-597,597,-60,-597,597,-60,-3681,54,597,-60,-597,597,-60,-597,54,-1111,54
facebook.com,40914,73,35,38,1.085714286,597,-60,-597,54,597,-60,-597,54,597,-60,-3681,54,597,-60,-597,597,-60,-597,54,590,-60,-1111,54,597,-60,-597,54,597,-60,-597,54,597,-60,-3681,54,597,-60,-597,597,-60
facebook.com,11872,81,42,39,0.928571429,11734,-54,60,9140,-54,-597,60,15630,-54,1570,-54,-597,60,597,-597,60,597,-597,60,3681,-54,-597,60,597,-597,60,597,-54,1111,-54,-597,60,-590,-54,597,-54,-597,60,597,-54
facebook.com,41262,68,32,36,1.125,597,-60,-597,54,597,-60,-597,54,597,-60,-3681,54,597,-60,-597,597,-60,-597,597,-60,-597,54,-590,54,597,-60,-597,54,597,-60,-597,54,597,-60,-3681,54,597,-60,597,-60
linkedin.com,11975,61,27,34,1.259259259,590,-54,-590,60,590,-54,-590,60,3674,-54,1502,-54,170,-54,-590,60,590,-590,60,1104,-54,-590,60,590,-54,-590,60,590,-54,-590,60,5122,-54,170,-54,-590,60,590,-590,60
linkedin.com,41494,67,32,35,1.09375,590,-60,-590,590,-60,-590,590,-60,-3674,54,-1502,54,-170,54,590,-60,-590,54,590,-60,-1104,54,590,-60,-590,54,590,-60,-590,590,-60,-3674,54,590,-60,-1502,54,-170,54,590
linkedin.com,38385,68,33,35,1.060606061,590,-60,-590,54,590,-60,-590,54,590,-60,-5122,54,-170,54,590,-60,597,-60,-590,590,-60,-1104,54,590,-60,-590,54,590,-60,-590,54,590,-60,-5122,-597,54,54,-170,54,590
linkedin.com,38620,56,27,29,1.074074074,590,-60,-590,54,590,-60,-590,54,590,-60,-3674,54,-1618,54,590,-60,-590,590,-60,-1104,54,-597,54,590,-60,-590,54,590,-60,-590,54,590,-60,-3674,54,-1618,54,590,-60,-590
linkedin.com,38829,62,29,33,1.137931034,590,-60,-590,54,590,-60,-590,54,590,-60,-3674,54,-597,54,-1618,54,590,-60,-590,590,-60,-1104,54,590,-60,-590,54,590,-60,597,-60,-590,54,590,-60,-5122,54,-170,54,590
linkedin.com,39718,76,37,39,1.054054054,590,-60,-597,54,-590,54,590,-60,-590,54,590,-60,-5122,54,-170,54,590,-60,-590,590,-60,-1104,54,597,-60,590,-60,-590,54,590,-60,-590,54,590,-60,-3674,54,-1618,54,590
linkedin.com,7964,57,29,28,0.965517241,590,-590,60,590,-590,60,3674,-54,1502,-54,170,-54,-590,60,590,-54,-590,60,1104,-54,-590,60,590,-54,-590,60,590,-590,60,3674,-54,1502,170,-54,-590,60,590,-590,60,3674
linkedin.com,36500,54,25,29,1.16,590,-60,-590,54,590,-60,-590,54,590,-60,-3674,54,-1618,54,590,-60,-590,590,-60,-1104,54,597,-60,590,-60,-590,54,590,-60,-590,54,590,-60,-1618,54,590,-60,-2950,54,-778
linkedin.com,36491,56,27,29,1.074074074,590,-60,-590,54,590,-60,-590,54,590,-60,-3674,54,-1618,54,590,-60,-590,590,-60,-1104,54,590,-60,-590,54,590,-60,-590,54,590,-60,-3674,54,-1618,54,590,-60,597,-60,-590
linkedin.com,38765,58,26,32,1.230769231,590,-60,-597,54,-590,590,-60,-590,590,-60,-3674,54,-1502,-170,54,590,-60,-590,590,-60,-1104,54,590,-60,-590,54,590,-60,-590,54,590,-60,-3674,54,-1502,54,-170,54,590,-60
linkedin.com,10470,35,17,18,1.058823529,590,-60,-590,54,590,-60,-590,54,590,-60,-3674,54,-1502,54,-170,54,590,-60,-590,590,-60,-1104,54,590,-60,-590,54,597,-60,-590,54,-590,54,590,-60,0,0,0,0,0
linkedin.com,1584,12,3,9,3,590,-54,-597,-54,-54,-60,590,-54,-597,-60,590,-54,0,0,0,0,0,0,0,0,0,0,0,0,0,0,0,0,0,0,0,0,0,0,0,0,0,0,0,0
linkedin.com,41745,54,24,30,1.25,590,-60,-590,590,-60,-590,590,-60,-3674,54,-1502,-170,54,590,-60,-590,590,-60,597,-60,-1104,54,590,-60,-590,54,590,-60,-590,54,590,-60,-3674,54,-1618,54,590,-60,-590,590
linkedin.com,42879,60,29,31,1.068965517,590,-60,-590,54,590,-60,-590,54,590,-60,-3674,54,-1502,54,-170,54,590,-60,-597,54,-590,590,-60,-1104,54,590,-60,-590,54,590,-60,-590,54,590,-60,-5122,54,-170,54,590
linkedin.com,42672,69,32,37,1.15625,590,-60,597,-60,-590,590,-60,-590,590,-60,-3674,54,-1618,54,590,-60,-590,590,-60,-1104,54,590,-60,-590,54,590,-60,-590,54,590,-60,-3674,54,-1502,54,-170,54,590,-60,-590
linkedin.com,41145,54,26,28,1.076923077,590,-60,-590,54,590,-60,-590,54,590,-60,-3674,54,-1618,54,590,-60,-590,590,-60,-1104,54,-597,54,590,-60,-590,54,590,-60,-590,54,590,-60,-3674,54,-1618,54,590,-60,-590
linkedin.com,37176,56,27,29,1.074074074,597,-60,-597,54,597,-60,-597,54,597,-60,-3167,54,-1352,54,-841,54,597,-60,-597,597,-60,-1111,54,597,-60,-597,54,597,-60,-597,54,597,-60,-3681,54,-1352,54,-327,54,597
linkedin.com,7002,61,32,29,0.90625,597,-597,60,597,-597,60,1625,-54,2650,-54,1085,-597,60,597,-597,60,1111,-54,-597,60,597,-54,-597,60,597,-54,-597,60,3681,-54,1352,-54,327,-54,-597,60,597,-597,60,6727
linkedin.com,37207,54,24,30,1.25,597,-60,-597,597,-60,-597,597,-60,-3681,54,-1352,54,-327,54,597,-60,-597,54,597,-60,-1111,54,597,-60,-597,54,597,-60,-597,597,-60,-3681,54,597,-60,-1352,-327,54,597,-60
linkedin.com,7704,51,29,22,0.75862069,597,-597,60,597,-597,60,3681,-54,1352,327,-54,-597,60,597,-597,60,1111,-54,-597,60,597,-54,-597,60,597,-54,-597,60,3681,-54,1352,-54,327,-54,-597,60,597,-597,60,7575
linkedin.com,35922,49,23,26,1.130434783,597,-60,-597,54,597,-60,-597,54,597,-60,-3681,54,-1625,54,597,-60,-597,597,-60,-1111,54,597,-60,54,-60,-597,54,597,-60,-597,54,597,-60,-3681,54,-1625,54,597,-60,-597
linkedin.com,37087,54,26,28,1.076923077,597,-60,-597,54,597,-60,-597,54,597,-60,-4979,54,-327,54,597,-60,-597,597,-60,597,-60,-1111,54,597,-60,-597,54,597,-60,-597,54,597,-60,-3681,54,-1352,54,-327,54,597
linkedin.com,37832,60,28,32,1.142857143,597,-60,-597,54,597,-60,-597,54,597,-60,-3681,54,597,-60,-1352,-327,54,597,-60,-597,597,-60,-1111,54,597,-60,-597,54,597,-60,-597,54,597,-60,-3681,54,-1625,54,597,-60
linkedin.com,36354,64,30,34,1.133333333,597,-60,-597,54,597,-60,-597,54,597,-60,-2650,54,-1085,54,-1352,54,-327,54,597,-60,-597,597,-60,54,-60,-1111,54,597,-60,-597,54,597,-60,-597,54,597,-60,-3681,54,-1625
linkedin.com,37341,59,27,32,1.185185185,597,-60,-597,597,-60,-597,597,-60,-3681,54,-1352,54,-327,54,597,-60,-597,54,597,-60,-1111,54,-590,54,597,-60,-597,54,597,-60,-597,597,-60,-4979,54,-327,597,-60,-597,597
linkedin.com,37042,51,24,27,1.125,597,-60,-597,54,597,-60,-597,54,597,-60,-4979,54,-327,597,-60,-590,54,-597,597,-60,-1111,54,597,-60,-597,54,597,-60,-597,54,597,-60,-3681,54,-1625,54,597,-60,-597,597
linkedin.com,37771,60,29,31,1.068965517,597,-60,-597,54,597,-60,-597,54,597,-60,-3681,54,-1352,54,-327,54,597,-60,-597,597,-60,-1111,54,-590,54,597,-60,-597,54,597,-60,-597,54,597,-60,-590,-4979,54,54,-327
linkedin.com,36150,58,28,30,1.071428571,597,-60,-597,54,-597,54,597,-60,-597,54,597,-60,-3681,-1352,54,54,-327,54,597,-60,-597,597,-60,-1111,54,597,-60,590,-60,-597,54,597,-60,-597,54,597,-60,-4979,54,-327
linkedin.com,36983,51,23,28,1.217391304,590,-60,-590,54,590,-60,-590,590,-60,-5122,54,-170,590,-60,-590,590,-60,-1104,54,590,-60,-590,54,590,-60,-590,54,590,-60,-5122,54,-170,54,590,-60,-590,590,-60,597,-60
linkedin.com,36034,55,25,30,1.2,590,-60,-590,590,-60,-590,590,-60,-5122,54,-170,590,-60,597,-60,-590,590,-60,-1104,54,590,-60,-590,54,590,-60,-590,54,590,-60,-3674,54,-1618,54,590,-60,-590,590,-60,-6570
linkedin.com,35462,54,25,29,1.16,590,-60,-590,54,590,-60,-590,54,590,-60,-5238,54,590,-60,590,-60,-590,590,-60,597,-60,-1104,54,590,-60,-590,54,590,-60,-590,54,590,-60,-5122,54,-170,54,590,-60,-590
linkedin.com,8995,51,24,27,1.125,590,-597,-54,-590,60,590,-590,60,5122,-54,170,-590,60,590,-590,60,1104,-54,-590,60,590,-54,-590,60,590,-54,-590,60,-597,-54,5122,-54,170,-54,-590,60,590,-590,60,13810
linkedin.com,37857,63,31,32,1.032258065,597,-60,-597,54,597,-60,-597,54,597,-60,-3681,54,-1352,54,-327,54,597,-60,-597,597,-60,-1111,54,590,-60,597,-60,-597,54,597,-60,-597,54,597,-60,-3681,54,597,-60,-1352
linkedin.com,38698,55,26,29,1.115384615,597,-60,-597,597,-60,-597,597,-60,-3681,54,-1352,54,-327,54,597,-60,-597,54,597,-60,-1111,54,597,-60,-597,54,597,-60,-597,597,-60,-590,54,-3167,54,-1352,54,-841,54,597
linkedin.com,38527,67,32,35,1.09375,597,-60,-597,54,597,-60,-597,54,597,-60,-3681,54,-1352,54,-327,54,597,-60,-597,597,-60,-1111,54,597,-60,-597,54,597,-60,-590,54,-597,54,597,-60,-3681,54,-1352,54,-327
linkedin.com,38263,58,28,30,1.071428571,597,-60,-597,54,597,-60,-597,54,597,-60,-3681,54,-1352,54,-327,54,597,-60,-597,597,-60,-1111,54,590,-60,597,-60,-597,54,597,-60,-597,54,597,-60,-4131,54,-1175,54,597
linkedin.com,37824,63,30,33,1.1,590,-60,-590,54,590,-60,-590,54,590,-60,-3674,54,-1618,54,590,-60,-590,590,-60,-1104,54,590,-60,-590,54,590,-60,-590,54,590,-60,-5238,54,590,-60,-590,590,-60,-4124,54
linkedin.com,35484,56,27,29,1.074074074,590,-60,-590,54,590,-60,-590,54,590,-60,-3674,54,-1618,54,590,-60,590,-60,-590,590,-60,-1104,54,590,-60,-590,54,590,-60,-590,54,590,-60,597,-60,-3674,54,-1502,54,-170
linkedin.com,36952,52,25,27,1.08,590,-60,-590,54,590,-60,-590,54,590,-60,-3674,54,-1618,54,590,-60,-590,590,-60,-1104,54,590,-60,-590,54,590,-60,-590,54,590,-60,-3674,54,-1618,54,590,-60,-590,590,-60
linkedin.com,36446,50,22,28,1.272727273,590,-60,-590,54,590,-60,-590,54,590,-60,-3674,54,-1618,54,590,-60,-590,590,-60,-1104,590,-60,590,-60,-590,590,-60,-590,590,-60,-3674,54,-1618,54,590,-60,597,-60,-590,590
linkedin.com,38501,65,31,34,1.096774194,597,-60,-597,54,597,-60,-590,-597,54,54,597,-60,-3681,54,-1352,54,-327,54,597,-60,-597,597,-60,-1111,54,597,-60,-590,54,-597,54,597,-60,-597,54,597,-60,-3681,54,-1352
linkedin.com,38359,61,29,32,1.103448276,597,-60,-597,597,-60,-597,597,-60,-3681,54,-1352,54,-327,54,597,-60,-597,54,597,-60,590,-60,-1111,54,597,-60,-597,54,597,-60,-597,597,-60,-3681,54,-1352,54,-327,54,597
linkedin.com,39753,72,35,37,1.057142857,597,-60,-597,54,-597,54,597,-60,-597,54,597,-60,-590,54,-3681,54,-1625,54,597,-60,-597,597,-60,-1111,54,597,-60,-597,54,597,-60,-597,54,597,-60,-3681,54,-1352,54,-327
linkedin.com,38134,73,36,37,1.027777778,597,-60,-597,54,597,-60,-597,54,597,-60,-3681,54,-1352,54,-327,54,597,-60,-597,54,597,-60,-1111,54,590,-60,597,-60,-597,54,597,-60,-597,597,-60,-3681,54,-1352,54,-327
live.com,17166,70,26,44,1.692307692,590,-54,-590,60,590,-590,60,1618,2950,-54,264,-590,60,590,-590,60,1104,-54,-590,60,590,-54,-590,60,590,-54,-590,60,3674,-54,1104,-54,-590,60,590,-590,60,8952,4398,-54
live.com,7192,51,27,24,0.888888889,590,-54,-590,60,590,-54,-590,60,2950,778,-54,-54,1104,-54,-590,60,590,-590,60,1104,-54,-590,60,590,-54,-590,60,590,-54,-590,60,3674,-54,-590,60,1104,-590,60,590,-590
live.com,62324,70,33,37,1.121212121,590,-60,-590,54,590,-60,-590,54,590,-60,-3674,54,-1104,54,590,-60,-590,590,-60,-1104,54,590,-60,597,-60,-590,54,590,-60,-590,54,590,-60,-3674,54,-1502,54,-170,54,590
live.com,28616,51,24,27,1.125,590,-60,-590,54,590,-60,-590,54,590,-60,-3674,54,-1104,54,590,-60,-590,590,-60,597,-60,-1104,54,590,-60,-590,54,590,-60,-590,54,590,-60,597,-60,-3674,54,-1104,54,590
live.com,30180,51,24,27,1.125,590,-60,-590,54,590,-60,-590,54,590,-60,-4724,54,590,-60,-590,590,-60,-1104,54,597,-60,590,-60,-590,54,590,-60,-590,54,590,-60,-3674,54,-1104,54,590,-60,-590,590,-60
live.com,29749,54,26,28,1.076923077,590,-60,-590,54,590,-60,-590,54,590,-60,-3674,54,597,-60,-1104,54,590,-60,-590,590,-60,-1104,54,-590,54,590,-60,-590,54,590,-60,-590,54,590,-60,-3674,54,-1104,54,590
live.com,29879,55,25,30,1.2,590,-60,597,-60,-590,590,-60,-590,590,-60,-3674,54,-1104,590,-60,-590,590,-60,-1104,54,590,-60,-590,54,590,-60,-590,54,590,-60,-3674,54,-1104,54,590,-60,590,-60,-590,590
live.com,31507,62,30,32,1.066666667,590,-60,-590,54,590,-60,-590,54,590,-60,-3674,54,-1104,54,590,-60,-590,590,-60,-1104,54,-597,54,590,-60,-590,54,590,-60,-590,54,590,-60,-3674,54,-1502,54,-170,54,590
live.com,30328,55,26,29,1.115384615,590,-60,-590,54,590,-60,-590,54,590,-60,-3674,54,-1104,54,590,-60,-590,590,-60,-1104,54,590,-60,-597,54,-590,54,590,-60,-590,54,590,-60,-2974,54,-754,54,-1104,54,590
live.com,29793,56,27,29,1.074074074,590,-60,-590,54,590,-60,-590,54,590,-60,-3674,54,-1104,54,590,-60,-597,54,-590,590,-60,-1104,54,590,-60,-590,54,590,-60,-590,54,590,-60,-3674,54,-1104,54,590,-60,-590
live.com,59077,64,29,35,1.206896552,590,-60,-590,54,590,-60,-590,590,-60,-3674,54,-1104,590,-60,-590,590,-60,-1104,54,597,-60,590,-60,-590,54,590,-60,-590,54,590,-60,-3674,54,-1502,54,-170,54,590,-60,-590
live.com,29733,51,23,28,1.217391304,590,-60,597,-60,-590,590,-60,-590,590,-60,-3674,54,-1104,590,-60,-590,590,-60,-1104,54,590,-60,-590,54,590,-60,-590,54,590,-60,-3674,54,-1104,54,590,-60,-590,590,-60,-13202
live.com,58102,66,30,36,1.2,590,-60,597,-60,-590,54,590,-60,-590,54,590,-60,-3674,54,-1104,590,-60,-590,590,-60,-1104,54,590,-60,-590,54,590,-60,597,-60,-590,54,590,-60,54,-60,-3674,54,-1104,54
live.com,59461,60,28,32,1.142857143,590,-60,-590,54,590,-60,-590,54,590,-60,-3674,54,-1104,54,590,-60,-590,590,-60,597,-60,-1104,54,590,-60,-590,54,590,-60,-590,54,590,-60,-3674,54,-1104,54,590,-60,-590
live.com,29510,60,27,33,1.222222222,590,-60,-590,54,590,-60,-590,590,-60,597,-60,-3674,54,-1104,590,-60,-590,590,-60,-1104,54,590,-60,-590,54,590,-60,-590,54,590,-60,-2646,54,-1104,54,-1104,54,590,-60,-590
live.com,30226,52,25,27,1.08,590,-60,-590,54,590,-60,-590,54,590,-60,-3674,54,-1104,54,590,-60,-590,590,-60,-1104,54,590,-60,-590,54,590,-60,-597,54,-590,54,590,-60,-3674,54,-1104,54,590,-60,-590
live.com,33060,57,27,30,1.111111111,597,-60,-597,54,597,-60,-597,54,597,-60,-3681,54,-1111,54,597,-60,-597,597,-60,-1111,54,597,-60,-597,54,1111,-60,-3167,54,597,-60,-597,54,597,-60,-597,54,597,-60,-3681
live.com,29750,52,25,27,1.08,597,-60,-597,54,597,-60,-597,54,597,-60,-3681,54,-1111,54,597,-60,-597,597,-60,-1111,54,597,-60,-597,54,597,-60,-597,54,597,-60,-3681,54,-1111,54,597,-60,-597,597,-60
live.com,28782,50,22,28,1.272727273,597,-60,-597,54,597,-60,-597,54,597,-60,-3681,54,-1111,54,597,-60,-597,597,-60,-1111,597,-60,597,-60,-597,597,-60,-597,597,-60,-3681,54,-1111,597,-60,-597,597,-60,-3681,54
live.com,58070,59,27,32,1.185185185,597,-60,-597,597,-60,-597,597,-60,-1625,54,-2650,54,-571,597,-60,-597,597,-60,-1111,54,597,-60,-597,54,597,-60,-597,54,597,-60,-3681,54,-1111,54,597,-60,-597,597,-60,-6727
live.com,26492,57,25,32,1.28,597,-60,-597,597,-60,-597,597,-60,-3681,54,-1111,597,-60,-597,597,-60,-1111,54,597,-60,-597,54,597,-60,-597,54,597,-60,-3681,54,-1111,54,597,-60,-597,597,-60,-3167,54,597
live.com,10422,68,36,32,0.888888889,597,-54,-597,60,597,-597,60,3681,-54,1111,-597,60,597,-597,60,597,-54,1111,-54,-54,-60,-597,60,597,-54,-597,60,597,-54,-597,60,3681,-54,1111,-54,-597,60,597,-597,60
live.com,136615,155,72,83,1.152777778,597,-60,-597,54,597,-60,-597,597,-60,-3681,54,597,-60,-1111,597,-60,-597,597,-60,-1111,54,74,597,590,-60,-60,2132,-60,-60,-60,54,355,-60,-597,54,2653,-60,-60,-590,-2950
live.com,6999,45,26,19,0.730769231,597,-54,-597,60,597,-54,-597,60,3681,-54,1111,-54,-597,60,597,-597,60,1111,-597,60,-597,60,597,-597,60,597,-597,60,3681,-54,1111,-597,60,597,-597,60,7575,-54,3948,-54
live.com,7984,50,23,27,1.173913043,597,-597,60,-590,-60,597,-597,60,3681,-54,1111,-597,60,597,-597,60,1111,-54,-54,-60,-597,60,597,-54,-597,60,597,-54,-597,60,3681,-54,1111,-54,-597,60,597,-597,60,11919
live.com,30506,55,25,30,1.2,597,-60,-597,597,-60,-597,597,-60,590,-60,-3681,54,-1111,597,-60,-597,597,-60,-1111,54,597,-60,-597,54,597,-60,-597,54,597,-60,-3681,54,-1625,54,597,-60,-597,597,-60,-597
live.com,59940,70,32,38,1.1875,597,-60,-590,54,-597,54,597,-60,-597,54,597,-60,-3681,54,-1111,54,597,-60,-597,597,-60,-1111,54,-590,54,597,-60,-597,54,597,-60,-597,54,597,-60,-590,-1514,54,54,-1514
live.com,8515,53,26,27,1.038461538,597,-54,-597,60,597,-54,-597,60,4131,-54,661,-54,-597,60,597,-597,60,1111,-54,-590,-60,-597,60,-597,60,597,-54,-597,60,597,-54,-597,60,3681,-54,1111,-54,-597,60,597
live.com,30955,60,29,31,1.068965517,590,-60,-590,54,590,-60,-597,54,-590,54,590,-60,-3674,54,-1104,54,590,-60,-590,54,-590,54,590,-60,-1104,54,590,-60,-590,54,590,-60,-590,54,590,-60,-3674,54,-1104,590
live.com,58925,58,26,32,1.230769231,590,-60,-597,54,-590,54,590,-60,-590,54,590,-60,-3674,54,-1104,590,-60,-590,590,-60,-1104,54,590,-60,597,-60,-590,54,590,-60,-590,54,590,-60,-3674,54,-1104,54,590,-60
live.com,30247,54,26,28,1.076923077,590,-60,54,-60,-590,54,590,-60,-590,54,590,-60,-3674,54,-1104,54,590,-60,-590,590,-60,597,-60,-1104,54,590,-60,-590,54,590,-60,-590,54,590,-60,-4724,54,590,-60,-590
live.com,28524,47,22,25,1.136363636,590,-60,-590,54,590,-60,-590,54,590,-60,-3674,54,590,-60,-1104,590,-60,-590,590,-60,-1104,54,590,-60,-590,54,590,-60,-590,54,590,-60,597,-60,-3674,54,-1104,54,590,-60
live.com,60554,74,35,39,1.114285714,597,-60,-597,54,597,-60,-597,597,-60,-3681,54,-1111,597,-60,-597,597,-60,-1111,54,597,-60,-597,54,597,-60,-597,54,597,-60,-3681,54,-1111,54,597,-60,-597,597,-60,-6727,54
live.com,30930,55,26,29,1.115384615,597,-60,-597,54,597,-60,-597,54,597,-60,-3681,54,-1111,597,-60,-597,597,-60,-1111,54,590,-60,597,-60,-597,54,597,-60,-597,54,597,-60,-3167,54,-1352,54,-841,54,597,-60
live.com,28902,56,26,30,1.153846154,597,-60,-597,54,597,-60,-597,597,-60,-4131,54,597,-60,-661,597,-60,-597,597,-60,590,-60,-1111,54,597,-60,-597,54,597,-60,-597,54,597,-60,-3681,54,-1111,54,597,-60,-597
live.com,31534,55,25,30,1.2,597,-60,-597,597,-60,-597,597,-60,-3681,54,-1111,597,-60,-597,597,-60,-1111,54,590,-60,597,-60,-597,54,597,-60,-597,54,597,-60,-3681,54,-1111,54,597,-60,-597,597,-60,-2653
live.com,29790,55,26,29,1.115384615,590,-60,-590,54,590,-60,-590,54,590,-60,-3674,54,-1104,54,590,-60,-590,590,-60,-1104,54,590,-60,-590,54,590,-60,-590,54,590,-60,-3674,54,-1104,54,590,-60,-590,590,-60
live.com,59620,66,32,34,1.0625,590,-60,-590,54,590,-60,-590,54,590,-60,-3674,54,-1104,54,590,-60,-590,590,-60,-1104,-597,54,54,590,-60,-590,54,590,-60,-590,54,590,-60,-3674,54,-1104,54,590,-60,-590
live.com,30387,57,27,30,1.111111111,590,-60,-590,54,590,-60,-590,54,590,-60,-3674,54,-1104,54,590,-60,-590,590,-60,-1104,54,-597,54,590,-60,-590,54,590,-60,-590,54,590,-60,-3674,54,-1104,54,590,-60,-590
live.com,60454,74,35,39,1.114285714,590,-60,-590,54,590,-60,-597,54,-590,54,590,-60,-3674,54,-1104,54,590,-60,-590,590,-60,-1104,54,590,-60,-597,54,-590,54,590,-60,-590,54,590,-60,-3674,54,-1104,54,590
live.com,59092,60,28,32,1.142857143,597,-60,-597,54,597,-60,-597,597,-60,-3681,54,-1111,597,-60,-597,597,-60,-1111,54,-590,54,597,-60,-597,54,597,-60,-597,54,597,-60,-3681,54,-1111,54,597,-60,-597,597,-60
live.com,29990,57,26,31,1.192307692,597,-60,-597,597,-60,-597,597,-60,-3681,54,-1111,597,-60,-597,597,-60,-1111,54,597,-60,-590,54,-597,54,597,-60,-597,54,597,-60,-3681,54,-1111,54,597,-60,-597,597,-60,-6727
live.com,8556,52,24,28,1.166666667,597,-54,-597,60,597,-54,-597,60,3167,-54,1352,-54,327,-54,-597,60,597,-597,60,-590,-60,1111,-54,-597,60,-590,-54,597,-54,-597,60,597,-54,-597,60,3681,-54,1111,-54,-597
live.com,8287,47,24,23,0.958333333,597,-597,60,597,-597,60,3681,-54,1111,-597,60,597,-597,60,1111,-54,-597,60,597,-54,-597,60,597,-54,-597,60,-590,3681,-54,-54,1111,-54,-597,60,597,-597,60,12767,-54,-597
netflix.com,135624,106,50,56,1.12,590,-60,-590,590,-60,-590,54,590,-60,74,-60,54,141,-60,-202,-60,54,54,-60,-3674,54,-590,54,590,-60,-590,54,590,-60,-3160,54,590,-60,-590,54,590,-60,-590,590,-60
netflix.com,16501,103,54,49,0.907407407,590,-54,-590,60,590,-54,-590,60,3674,-54,590,-54,-590,60,590,-54,-590,60,2950,264,-54,590,-54,-590,60,590,-54,-590,60,590,-54,-590,60,3674,-54,590,-54,-590,60,590
netflix.com,9271,47,24,23,0.958333333,590,-590,60,590,-590,60,-597,-54,3674,-54,590,-590,60,590,-590,60,3182,-54,-597,-60,-590,60,-590,60,590,-590,60,590,-590,60,1514,-54,2750,-54,-590,60,590,-54,-1618,60
netflix.com,132011,115,51,64,1.254901961,590,-60,-590,54,-590,54,590,-60,-590,590,-60,-3674,54,-590,590,-60,-590,590,-60,-2132,54,-1104,54,-135,-60,54,-60,-597,54,590,-60,-590,54,590,-60,-590,54,590,-60,-3674
netflix.com,99684,93,41,52,1.268292683,590,-60,-590,54,590,-60,-590,54,590,-60,-4210,54,590,-60,-590,590,-60,-3160,54,-597,54,590,-60,-590,590,-60,-590,590,-60,-3674,54,-590,590,-60,-590,1618,-60,-2646,54,590
netflix.com,20644,59,28,31,1.107142857,590,-60,-597,54,-590,590,-60,-590,590,-60,-2974,54,-754,54,-590,54,590,-60,-590,54,590,-60,-2132,-1104,54,54,-597,54,590,-60,-590,54,590,-60,-590,54,590,-60,-3674,54
netflix.com,12592,74,39,35,0.897435897,590,-590,60,590,-590,60,4210,-54,-590,60,590,-590,60,3160,-54,-597,-60,-590,60,-590,60,590,-590,60,590,-590,60,3160,-54,1104,-590,60,590,-1618,60,12812,-54,-590,60,1502
netflix.com,129612,84,38,46,1.210526316,590,-60,-590,54,-590,54,590,-60,-590,54,590,-60,597,-60,-3674,54,590,-60,-590,590,-60,-590,590,-60,-3160,54,590,-60,-590,590,-60,-590,590,-60,-3674,54,-590,590,-60,-590
netflix.com,129073,84,40,44,1.1,590,-60,-590,54,590,-60,-590,54,590,-60,-3160,54,-597,-1104,54,54,590,-60,-590,590,-60,-2646,54,-590,54,590,-60,-590,54,590,-60,-590,54,590,-60,-3674,54,-590,54,590
netflix.com,128845,77,36,41,1.138888889,590,-60,-590,54,590,-60,-590,54,590,-60,-4124,54,-140,54,590,-60,-590,590,-60,-3160,54,590,-60,-597,54,-590,590,-60,-590,590,-60,-1618,54,-2646,54,590,-60,-590,1618,-60
netflix.com,25033,63,28,35,1.25,590,-60,-590,590,-60,-590,590,-60,-4210,54,590,-60,-590,590,-60,-2132,54,-1104,54,597,-60,-590,54,54,-60,590,-60,-590,54,590,-60,-590,54,590,-60,-3674,54,-590,54,590
netflix.com,230578,119,54,65,1.203703704,590,-60,-5186,54,-8742,54,-8742,54,-2950,54,-11638,54,-5846,54,-14534,-8742,54,590,-60,-22232,54,-5846,54,-2950,54,-916,590,-60,-590,590,-60,-590,590,-60,-3674,54,-590,590,-60,-590
netflix.com,11934,31,15,16,1.066666667,590,-60,-590,54,590,-60,-590,54,590,-60,-4210,54,590,-60,-597,-590,54,590,-60,-3160,54,590,-60,-590,54,597,-60,-597,54,-590,54,0,0,0,0,0,0,0,0,0
netflix.com,10981,35,17,18,1.058823529,590,-60,-590,54,590,-60,-590,54,590,-60,-3674,54,-590,54,590,-60,-590,590,-60,-3160,-597,54,54,54,-60,590,-60,590,-60,597,-60,-590,54,590,-60,0,0,0,0,0
netflix.com,132005,113,54,59,1.092592593,597,-60,-597,54,597,-60,-597,54,597,-60,-3681,54,-597,54,597,-60,-597,597,-60,-2139,54,-1111,54,590,-60,-590,54,597,-60,-597,54,597,-60,-597,54,597,-60,-3681,54,-597
netflix.com,131199,103,47,56,1.191489362,597,-60,-597,597,-60,-597,597,-60,-3681,54,-597,597,-60,590,-60,-597,597,-60,-2139,54,597,-60,-1111,54,597,-60,-597,54,597,-60,-597,54,597,-60,-3681,54,-597,54,597,-60
netflix.com,130036,101,47,54,1.14893617,597,-60,-597,54,597,-60,-597,54,597,-60,-3681,54,-597,54,597,-60,-597,597,-60,-3167,54,597,-60,54,-60,597,-60,-597,597,-60,-597,597,-60,-3681,54,-597,597,-60,-597,1625
netflix.com,129750,91,41,50,1.219512195,597,-60,-597,54,597,-60,-597,54,597,-60,-3681,54,-597,54,597,-60,-597,597,-60,-2139,54,-1111,54,597,-60,-597,54,597,-60,-597,54,597,-60,-3681,54,597,-60,-597,597,-60
netflix.com,120588,88,41,47,1.146341463,597,-60,-597,54,597,-60,-597,54,597,-60,-3681,54,-597,54,597,-60,-597,597,-60,-2139,54,-1111,54,597,-60,-597,54,597,-60,-597,54,597,-60,-2974,54,-761,54,-597,54,597
netflix.com,121020,74,31,43,1.387096774,597,-60,-597,597,-60,-597,597,-60,-3681,54,-597,597,-60,-597,597,-60,-3167,54,54,-60,597,-60,597,-60,-597,597,-60,-597,597,-60,-3681,54,-597,597,-60,-597,1625,-60,-8873,-3948
netflix.com,119650,66,28,38,1.357142857,597,-60,-597,597,-60,-597,597,-60,-3681,54,-597,597,-60,-597,597,-60,-3167,54,597,-60,-597,597,-60,-597,597,-60,-3681,54,-597,597,-60,-597,1625,-60,-12767,54,-17922,54,597,-60
netflix.com,120534,95,44,51,1.159090909,597,-60,-597,54,597,-60,-597,597,-60,-3681,54,-597,597,-60,-597,597,-60,-3167,54,597,-60,-597,597,-60,-597,597,-60,-1514,54,-2221,54,-597,54,597,-60,-597,54,1625,-60,-60
netflix.com,126024,90,42,48,1.142857143,597,-60,-597,597,-60,-597,597,-60,-3681,54,-597,597,-60,-597,597,-60,590,-60,-2139,54,-1111,54,54,-60,597,-60,-597,54,597,-60,-597,54,597,-60,-3681,54,597,-60,-597,597
netflix.com,123297,69,30,39,1.3,597,-60,-597,597,-60,-597,597,-60,-3681,54,-597,597,-60,-597,597,-60,-2653,54,-590,54,597,-60,-597,597,-60,-597,597,-60,-3681,54,-597,597,-60,-597,1625,-60,-11919,54,-10438,54
netflix.com,122242,85,39,46,1.179487179,597,-60,-597,54,-597,54,597,-60,-597,54,597,-60,-3681,54,-597,54,597,-60,-597,597,-60,-3167,54,-590,54,597,-60,-597,597,-60,-597,597,-60,-4131,54,-147,597,-60,-597,1625
netflix.com,121043,79,36,43,1.194444444,597,-60,-597,597,-60,-597,597,-60,-4131,54,-147,597,-60,-597,597,-60,54,-60,590,-60,-3167,54,-597,54,597,-60,-597,54,597,-60,-597,54,597,-60,590,-60,-4131,54,-147,54
netflix.com,11179,68,31,37,1.193548387,590,-54,-590,60,590,-597,-54,-54,-590,60,3674,-54,590,-54,-590,60,590,-590,60,2132,-54,1104,-54,-590,60,-135,-60,-54,-60,590,-54,-590,60,590,-54,-590,60,3674,-54,590
netflix.com,131333,111,53,58,1.094339623,590,-60,-5572,-2950,54,54,-958,54,-2950,54,-5846,-5846,54,54,590,-60,-4398,54,-5846,54,-2342,54,-2950,54,-11638,54,-14534,54,590,-60,-11450,54,-2950,54,-1314,54,-14534,54,-7294,54
netflix.com,21067,56,27,29,1.074074074,590,-60,-590,54,590,-60,597,-60,-590,54,590,-60,-1514,54,-2750,54,590,-60,-590,590,-60,-597,-1514,54,54,-1722,54,-590,54,-597,54,590,-60,-590,54,590,-60,-590,54,590
netflix.com,25027,68,33,35,1.060606061,590,-60,-590,54,590,-60,-590,54,590,-60,597,-60,-3674,54,-590,54,590,-60,-590,590,-60,-2132,54,-1104,54,590,-60,-590,54,590,-60,-590,54,590,-60,-3674,54,-590,54,590
netflix.com,130658,103,47,56,1.191489362,597,-60,-597,597,-60,-597,597,-60,-3681,54,-597,597,-60,-597,597,-60,-3167,54,-597,54,597,-60,-597,54,597,-60,-597,54,597,-60,-3681,54,-597,54,597,-60,-597,1625,-60,-2653
netflix.com,17885,90,47,43,0.914893617,597,-597,60,597,-597,60,3681,-54,597,-597,60,597,-597,60,2653,-54,-590,-60,-590,-54,-597,60,597,-597,60,597,-597,60,4131,-54,147,-597,60,597,-1625,60,2653,-54,-597,60
netflix.com,132076,118,55,63,1.145454545,597,-60,-597,597,-60,-597,597,-60,-3681,54,-597,597,-60,-597,597,-60,-2139,54,-590,54,-1111,54,597,-60,-597,54,597,-60,-597,54,597,-60,-1625,54,-2650,54,-60,54,597,-60
netflix.com,131594,115,52,63,1.211538462,597,-60,-597,597,-60,-597,597,-60,-3681,54,597,-60,-597,597,-60,-597,597,-60,-2653,54,-590,54,597,-60,-597,597,-60,-597,597,-60,-3167,54,-1111,597,-60,-597,1625,-60,-1625,54
netflix.com,11367,27,12,15,1.25,590,-60,-597,54,-590,590,-60,-590,590,-60,-4210,54,590,-60,-590,590,-60,-2132,54,-1104,54,-597,54,-597,54,590,-60,0,0,0,0,0,0,0,0,0,0,0,0,0
netflix.com,10794,29,14,15,1.071428571,590,-60,-590,54,590,-60,-590,54,590,-60,-3674,54,-590,54,590,-60,-590,590,-60,-3160,54,597,-60,-590,54,597,-60,-590,54,0,0,0,0,0,0,0,0,0,0,0
netflix.com,5347,31,12,19,1.583333333,590,-54,-590,60,590,-54,-590,60,3674,-54,590,-54,-590,60,590,-590,60,3160,-54,-597,-54,590,-54,-597,-60,-590,60,-597,-54,-54,-60,0,0,0,0,0,0,0,0,0
netflix.com,11981,33,16,17,1.0625,590,-60,-590,54,590,-60,-590,54,590,-60,-3674,54,-590,54,590,-60,-590,590,-60,-3160,54,-597,54,-590,54,597,-60,-590,54,-590,54,597,-60,0,0,0,0,0,0,0
netflix.com,119969,113,49,64,1.306122449,597,-60,590,-60,-597,597,-60,-597,597,-60,-3681,54,-597,597,-60,-597,597,-60,-2139,54,-1111,54,-590,54,597,-60,-597,54,597,-60,-597,54,597,-60,-3681,54,-597,54,597,-60
netflix.com,131412,125,57,68,1.192982456,597,-60,-590,54,-597,597,-60,-597,597,-60,-3681,54,-597,597,-60,-597,597,-60,-2139,54,-1111,54,597,-60,-597,54,597,-60,590,-60,-597,54,597,-60,-3681,54,-597,54,597,-60
netflix.com,25117,62,27,35,1.296296296,597,-60,590,-60,-597,597,-60,-597,597,-60,-1514,54,-2221,54,-597,54,597,-60,-597,54,597,-60,-2139,54,-1111,54,-590,54,597,-60,-597,54,597,-60,-597,597,-60,-3681,54,-597
netflix.com,25720,66,30,36,1.2,597,-60,-597,54,597,-60,-597,54,597,-60,-3681,54,-597,54,597,-60,-597,597,-60,-3167,54,-590,54,597,-60,-597,597,-60,-597,597,-60,-3681,54,597,-60,-597,597,-60,-597,1625
reddit.com,288950,113,51,62,1.215686275,590,-60,-590,54,590,-60,-590,54,590,-60,-3674,54,-590,54,590,-60,-590,54,590,-60,-2132,54,590,-60,-590,590,-60,-590,590,-60,-3674,54,-590,590,-60,-590,590,-60,-2646,54
reddit.com,280648,117,54,63,1.166666667,590,-60,-590,54,590,-60,-590,54,590,-60,-3674,54,590,-60,-590,590,-60,-590,590,-60,-1618,54,590,-60,-590,54,590,-60,-590,54,590,-60,-590,54,590,-60,-3674,54,-590,54
reddit.com,294267,131,55,76,1.381818182,590,-60,-590,590,-60,-590,590,-60,597,-60,-3674,54,-590,590,-60,-590,590,-60,-2132,54,590,-60,-590,590,-60,-590,590,-60,-3066,54,-1198,590,-60,-597,54,-590,590,-60,54,-60
reddit.com,301173,172,79,93,1.17721519,590,-60,-590,54,590,-60,-590,54,590,-60,-3674,54,590,-60,-590,590,-60,-590,590,-60,-1618,54,590,-60,-590,54,590,-60,-590,54,590,-60,-590,54,590,-60,-3674,54,-590,54
reddit.com,19138,168,92,76,0.826086957,590,-54,-590,60,590,-54,-590,60,3674,-54,590,-590,60,590,-590,60,2132,-54,-597,-60,-590,60,590,-590,60,590,-590,60,3674,-54,590,-590,60,590,-590,60,14230,-54,-590,60
reddit.com,305917,172,80,92,1.15,590,-60,-590,54,590,-60,-590,590,-60,-3674,54,-590,590,-60,-590,590,-60,-2154,54,597,-60,590,-60,-590,590,-60,-590,590,-60,597,-60,-3674,54,-590,590,-60,-590,590,-60,-11334
reddit.com,305443,243,109,134,1.229357798,590,-60,-590,54,590,-60,-590,54,590,-60,-3674,54,-590,54,590,-60,-590,590,-60,-1618,54,590,-60,-590,54,590,-60,-590,54,590,-60,-590,54,590,-60,-3674,54,-590,54,590
reddit.com,291996,179,88,91,1.034090909,590,-60,-590,54,590,-60,-590,54,590,-60,-3674,54,-590,54,590,-60,-590,590,-60,-1618,54,590,-60,-590,54,590,-60,-590,54,590,-60,-590,54,590,-60,-3674,54,-590,54,590
reddit.com,18295,126,64,62,0.96875,590,-54,-590,60,590,-54,-590,60,3674,-54,590,-54,-590,60,590,-590,60,2132,-54,-590,60,590,-54,-597,-60,-590,60,590,-54,-590,60,590,-54,-590,60,3674,-54,-590,60,590
reddit.com,287199,132,60,72,1.2,590,-60,-590,590,-60,-590,590,-60,-3674,54,-590,590,-60,-590,590,-60,-2132,54,597,-60,590,-60,-590,590,-60,-590,590,-60,-590,54,-2950,54,-1314,54,590,-60,590,-60,-590,54
reddit.com,286024,167,75,92,1.226666667,590,-60,-590,54,590,-60,597,-60,-590,54,590,-60,597,-60,-3674,54,-597,54,597,-60,-597,597,-60,-590,590,-60,-597,54,-590,590,-60,-2132,54,590,-60,-590,590,-60,-590,590
reddit.com,286037,113,51,62,1.215686275,590,-60,-590,590,-60,-590,590,-60,-3674,54,-590,590,-60,-590,590,-60,-2132,54,-597,54,590,-60,-590,590,-60,-590,590,-60,-3674,54,-590,590,-60,-590,590,-60,-14230,54,-11638,54
reddit.com,292110,166,79,87,1.101265823,590,-60,-590,54,590,-60,-590,54,590,-60,-597,54,-3674,54,-590,54,590,-60,-590,590,-60,-1618,54,590,-60,-590,54,597,-60,590,-60,-590,54,590,-60,-590,54,590,-60,-3674
reddit.com,294150,181,83,98,1.180722892,590,-60,-590,590,-60,-590,590,-60,-3674,54,590,-60,-590,590,-60,597,-60,-590,590,-60,-2132,54,590,-60,-590,590,-60,-590,590,-60,-3674,54,-590,590,-60,-590,590,-60,-2646,54
reddit.com,20923,153,76,77,1.013157895,597,-54,-597,60,-590,-54,597,-54,-597,60,3681,-54,597,-54,-597,60,597,-597,-590,60,-60,-597,60,597,-597,60,1352,-54,870,-54,597,-54,-597,60,597,-54,-597,60,597,-54
reddit.com,283747,158,78,80,1.025641026,597,-60,-597,54,597,-60,-597,54,597,-60,-3681,54,590,-60,-597,54,597,-60,-597,597,-60,-1625,54,597,-60,-597,54,597,-60,-597,54,597,-60,-597,54,597,-60,-3681,54,-597
reddit.com,286760,147,65,82,1.261538462,597,-60,-597,54,597,-60,-597,54,597,-60,-3681,54,-597,597,-60,-597,597,-60,-2139,54,597,-60,-597,597,-60,-597,597,-60,-3681,54,-597,597,-60,-597,597,-60,-2653,54,-2650,54
reddit.com,287401,133,61,72,1.180327869,597,-60,-597,54,597,-60,-597,54,597,-60,-3681,54,-597,597,-60,-597,597,-60,-1625,54,597,-60,-597,54,597,-60,-597,54,597,-60,-597,54,597,-60,-3681,54,-597,54,597,-60
reddit.com,282507,176,82,94,1.146341463,597,-60,-597,597,-60,-597,597,-60,597,-60,-3681,54,-597,597,-60,-597,597,-60,-597,597,-60,-597,597,-60,-2653,54,597,-60,-597,597,-60,-597,597,-60,-597,54,597,-60,-597,54
reddit.com,283051,142,61,81,1.327868852,597,-60,-597,597,-60,-597,597,-60,-3681,54,-597,597,-60,-597,597,-60,-2139,54,597,-60,597,-60,74,-60,54,141,-60,-243,-60,54,54,-60,-597,597,-60,-597,597,-60,-3681,54
reddit.com,286590,170,81,89,1.098765432,597,-60,-597,54,597,-60,-597,54,597,-60,-3681,54,-597,54,597,-60,-597,597,-60,-2139,54,597,-60,-597,597,-60,-597,597,-60,-3681,54,-597,597,-60,-597,597,-60,-11734,-60,54
reddit.com,285765,145,67,78,1.164179104,597,-60,-597,54,597,-60,-597,597,-60,-3681,54,-597,597,-60,-597,597,-60,-1625,54,-1111,54,74,-60,54,141,-60,-202,-60,54,54,-60,597,-60,54,-60,-597,54,597,-60,-597
reddit.com,20824,62,29,33,1.137931034,597,-60,-597,54,597,-60,-597,54,1104,-60,597,-60,-590,54,590,-60,-3681,54,-590,54,590,-60,-597,54,597,-60,-597,54,597,-60,-2653,54,-590,54,597,-60,-597,597,-60,-597
reddit.com,300192,222,103,119,1.155339806,597,-60,-597,54,597,-60,-597,54,597,-60,-3167,54,-1111,54,597,-60,74,-597,597,-60,-60,54,141,-60,-243,-60,54,54,-60,-2139,54,597,-60,590,-60,-597,597,-60,-597,597
reddit.com,269560,128,56,72,1.285714286,597,-60,-597,597,-60,590,-60,-597,597,-60,-3681,54,-597,597,-60,-597,597,-60,54,-60,-1625,54,597,-60,-597,54,597,-60,-597,54,597,-60,-597,54,597,-60,-3681,54,597,-60
reddit.com,18355,63,30,33,1.1,597,-60,-597,54,597,-60,74,-60,54,141,-60,-202,-60,54,54,-60,-597,54,597,-60,-3681,54,-597,54,597,-60,-597,597,-60,-1625,54,597,-60,-597,54,590,-60,597,-60,-597
reddit.com,280984,197,92,105,1.141304348,590,-60,597,-60,-597,597,-60,-590,54,590,-60,-597,597,-60,-597,54,-590,590,-60,-3674,54,-590,590,-60,-590,590,-60,-2132,54,590,-60,-590,590,-60,597,-60,-590,590,-60,-3674
reddit.com,19916,157,77,80,1.038961039,590,-54,-590,60,590,-590,60,-597,-60,3674,-54,590,-590,60,590,-590,60,1618,-54,-590,60,590,-54,-590,60,590,-54,-590,60,590,-54,-590,60,3674,-54,590,-54,-590,60,590
reddit.com,279625,138,61,77,1.262295082,590,-60,-590,54,590,-60,-590,54,590,-60,-3674,54,-590,54,590,-60,-590,590,-60,-2132,54,597,-60,-597,54,590,-60,-590,590,-60,-590,590,-60,-3674,54,-590,590,-60,-590,590
reddit.com,283940,140,65,75,1.153846154,590,-60,-590,54,590,-60,-590,54,590,-60,-3674,54,590,-60,-590,590,-60,-590,590,-60,-1618,54,590,-60,-590,54,590,-60,-590,54,590,-60,597,-60,-590,54,590,-60,-3674,54
reddit.com,279426,161,76,85,1.118421053,597,-60,-597,54,597,-60,-597,54,597,-60,-3681,54,-597,54,597,-60,-597,597,-60,590,-60,-2139,54,-590,590,-60,-590,590,-60,-590,54,597,-60,-597,597,-60,-597,597,-60,-3681
reddit.com,279315,138,61,77,1.262295082,597,-60,-597,597,-60,-597,597,-60,-3681,54,-597,597,-60,-597,597,-60,-2139,54,-590,54,597,-60,-597,597,-60,-597,597,-60,-4131,54,-147,597,-60,-597,597,-60,-11734,-60,54,-9140
reddit.com,284798,183,86,97,1.127906977,597,-60,-597,597,-60,-597,597,-60,-3681,54,-597,597,-60,-597,597,-60,-1625,54,597,-60,-597,54,597,-60,-597,54,597,-60,-597,54,597,-60,-3681,54,-597,54,597,-60,-597,597
reddit.com,281679,160,77,83,1.077922078,597,-60,-597,54,597,-60,-597,597,-60,-4131,54,-147,597,-60,-597,597,-60,-1625,54,597,-60,-597,54,-590,54,597,-60,-597,54,597,-60,-597,54,597,-60,-3681,54,-597,54,597
reddit.com,285348,184,86,98,1.139534884,590,-60,597,-60,-597,597,-60,-590,54,590,-60,-597,597,-60,-590,54,590,-60,-3674,54,-597,-590,54,590,-60,54,-590,590,-60,-2132,54,590,-60,-590,590,-60,-590,590,-60,-3674
reddit.com,328871,128,61,67,1.098360656,590,-60,-590,54,590,-60,-590,54,590,-60,-3674,54,-590,54,590,-60,-590,590,-60,-1618,54,590,-60,-590,54,590,-60,-590,54,590,-60,-590,54,590,-60,-3674,54,-590,54,590
reddit.com,276113,161,75,86,1.146666667,590,-60,597,-60,-590,590,-60,-590,590,-60,-3674,54,-590,590,-60,-590,590,-60,-1618,54,590,-60,-590,54,590,-60,-590,54,590,-60,-590,54,590,-60,-3674,54,-590,54,590,-60
reddit.com,304473,170,80,90,1.125,590,-60,-590,590,-60,-590,590,-60,-3674,54,-590,590,-60,-590,590,-60,-1618,54,590,-60,-590,54,590,-60,-590,54,590,-60,-590,54,590,-60,-590,54,-2950,54,-1314,54,590,-60
reddit.com,311303,169,79,90,1.139240506,597,-60,-597,54,597,-60,590,-60,-590,54,590,-60,-597,54,597,-60,-590,54,590,-60,-590,54,-3681,54,-597,54,597,-60,-597,597,-60,-1625,54,-1111,54,597,-60,-597,54,597
reddit.com,282703,169,75,94,1.253333333,597,-60,-597,597,-60,-597,597,-60,-3681,54,-597,597,-60,-597,597,-60,-1625,54,597,-60,-597,54,597,-60,-597,54,597,-60,-597,54,597,-60,-3681,54,-597,54,597,-60,-597,597
reddit.com,285265,165,77,88,1.142857143,597,-60,-590,54,-597,597,-60,-597,597,-60,-3681,54,-597,597,-60,-597,597,-60,-1625,54,597,-60,597,-60,-597,54,597,-60,-597,54,597,-60,-597,54,597,-60,-3681,54,-597,54
reddit.com,17998,147,75,72,0.96,597,-54,-597,60,597,-54,-597,60,3681,-54,597,-54,-597,60,597,-597,60,2139,-54,-590,-54,-597,60,597,-597,60,597,-597,60,3681,-54,597,-597,60,597,-597,60,11734,60,-54
tiktok.com,9962,75,39,36,0.923076923,590,-54,-590,60,590,-54,-590,60,5122,-54,170,-54,-590,60,590,-590,60,590,-54,1104,-54,-590,60,590,-54,-590,60,590,-54,-590,60,3160,-54,-590,60,590,-590,60,1514,-54
tiktok.com,104642,87,42,45,1.071428571,590,-60,-590,54,590,-60,-590,54,590,-60,-5122,54,-170,54,590,-60,-590,590,-60,-590,54,-1104,54,590,-60,-590,54,590,-60,-590,54,590,-60,-3160,54,590,-60,-590,590,-60
tiktok.com,10077,78,40,38,0.95,590,-54,-590,60,590,-54,-590,60,3160,-54,1502,-54,684,-54,-590,60,590,-590,60,1618,-54,-590,60,590,-590,60,590,-590,60,1618,-54,1618,-54,-590,60,590,-590,60,-597,-54
tiktok.com,102354,95,45,50,1.111111111,590,-60,-590,54,590,-60,-590,54,590,-60,-3160,54,-1502,54,-684,54,590,-60,-590,590,-60,-1618,54,590,-60,-590,590,-60,597,-60,-590,590,-60,-3160,54,590,-60,-590,590,-60
tiktok.com,62751,67,32,35,1.09375,590,-60,-590,54,590,-60,-590,54,590,-60,-1618,54,-1618,54,-2132,54,590,-60,-590,590,-60,-590,54,-1104,54,590,-60,-590,54,590,-60,-590,54,590,-60,-597,54,-3160,54,590
tiktok.com,96878,100,47,53,1.127659574,590,-60,597,-60,-590,54,590,-60,-590,54,590,-60,-3160,54,-2132,54,590,-60,-590,590,-60,-1618,54,590,-60,-590,590,-60,-590,590,-60,-3160,54,590,-60,-590,590,-60,597,-60
tiktok.com,95136,78,37,41,1.108108108,590,-60,-590,54,590,-60,-590,54,590,-60,-5122,54,-170,54,590,-60,-590,590,-60,-1618,54,597,-60,590,-60,-590,590,-60,-590,590,-60,-3160,54,590,-60,-590,590,-60,-1514,54
tiktok.com,99303,89,41,48,1.170731707,590,-60,-590,54,590,-60,-590,54,590,-60,-3160,54,-1502,54,-684,54,590,-60,-590,590,-60,-1618,54,-597,54,590,-60,-590,590,-60,-590,590,-60,-1514,-158,54,-1502,-170,54,590
tiktok.com,95876,99,48,51,1.0625,590,-60,-590,54,590,-60,-590,54,590,-60,-3674,54,-1502,54,-170,54,590,-60,-590,590,-60,-590,54,-1104,54,590,-60,-590,54,590,-60,-590,54,590,-60,-3160,54,590,-60,-590
tiktok.com,98610,88,41,47,1.146341463,590,-60,-590,54,590,-60,-590,54,590,-60,-5122,54,-170,590,-60,-590,590,-60,-1618,54,590,-60,-590,590,-60,-590,590,-60,-3160,54,590,-60,590,-60,-590,590,-60,-3160,54,-2950
tiktok.com,99573,86,42,44,1.047619048,590,-60,-590,54,590,-60,-590,54,590,-60,-3674,54,-1502,54,-170,54,590,-60,-590,590,-60,-590,54,-1104,54,-597,54,590,-60,-590,54,590,-60,-590,54,590,-60,-3160,54,590
tiktok.com,10864,82,40,42,1.05,590,-54,-590,60,590,-54,-590,60,3674,-54,-590,60,1502,-54,192,-54,-590,60,590,-54,-590,60,590,-54,1104,-54,-597,-54,-590,60,590,-54,-590,60,590,-590,60,3160,-54,-590
tiktok.com,98303,80,38,42,1.105263158,590,-60,-590,54,590,-60,-590,54,590,-60,-597,54,-3674,54,-1618,54,590,-60,-590,590,-60,-1618,54,590,-60,-590,590,-60,-590,590,-60,-3160,54,590,-60,-590,590,-60,597,-60
tiktok.com,98832,81,38,43,1.131578947,590,-60,-590,54,590,-60,597,-60,-590,590,-60,-3160,54,-2132,54,590,-60,-590,590,-60,-1618,54,590,-60,-590,590,-60,-590,590,-60,-3160,54,590,-60,-590,590,-60,54,-60,-1514
tiktok.com,98261,76,36,40,1.111111111,590,-60,-590,54,590,-60,-590,54,590,-60,-3160,54,-2132,54,590,-60,-590,590,-60,-1618,54,-597,54,590,-60,-590,590,-60,-590,590,-60,-3160,54,590,-60,-590,590,-60,-1514,54
tiktok.com,98481,86,41,45,1.097560976,590,-60,-590,590,-60,-590,590,-60,-3160,54,-2132,54,590,-60,-590,590,-60,-590,54,-1104,54,590,-60,-590,54,590,-60,-590,54,590,-60,597,-60,-3160,54,590,-60,-590,590,-60
tiktok.com,95476,82,40,42,1.05,597,-60,-597,54,597,-60,-597,54,597,-60,-3681,54,-1352,54,-327,54,597,-60,-597,597,-60,-597,54,-1111,54,597,-60,-597,54,597,-60,-597,54,597,-60,-3167,54,597,-60,-597
tiktok.com,94415,79,37,42,1.135135135,597,-60,-597,597,-60,-597,597,-60,-3681,54,-1352,54,-327,54,597,-60,-597,54,597,-60,-597,54,-1111,54,597,-60,-597,54,597,-60,-597,597,-60,-3167,54,597,-60,-597,597,-60
tiktok.com,95101,72,35,37,1.057142857,597,-60,-597,54,597,-60,-597,54,597,-60,-3681,54,-1352,54,-327,54,597,-60,-597,54,597,-60,-1625,54,597,-60,-597,54,597,-60,-597,597,-60,-3167,54,597,-60,-597,597,-60
tiktok.com,94981,82,40,42,1.05,597,-60,-597,54,-597,54,597,-60,-597,54,597,-60,-3681,54,-1352,54,-327,54,597,-60,-597,597,-60,-597,54,-1111,54,597,-60,-597,54,597,-60,-597,54,597,-60,-3167,54,597
tiktok.com,5913,42,23,19,0.826086957,6544,-54,6295,-54,5766,-54,597,-54,-597,60,597,-597,60,3167,-54,2139,-54,-597,60,597,-597,60,1625,-54,-597,60,597,-597,60,597,-597,60,1514,-54,1707,-54,-597,60,597,-54
tiktok.com,180735,152,71,81,1.14084507,597,-60,-2650,54,-5246,54,597,-60,-2650,54,-5246,54,-1352,54,-7842,54,-5246,54,-3421,54,-1352,54,-9140,54,-11217,54,597,-60,-10438,54,-1352,54,-3948,-5246,54,-1864,54,597,-60,-597
tiktok.com,96175,84,40,44,1.1,597,-60,-597,597,-60,-597,597,-60,-3681,54,-1625,54,597,-60,-597,597,-60,-597,54,-1111,54,54,-60,597,-60,-597,54,597,-60,-597,54,597,-60,-3167,54,597,-60,-597,597,-60
tiktok.com,9327,91,49,42,0.857142857,597,-54,-597,60,597,-54,-597,60,3167,-54,2139,-54,-597,60,597,-597,60,1625,-54,-597,60,597,-597,60,597,-597,60,2974,-54,247,-597,60,597,-597,60,1514,-54,2974,-54,1139
tiktok.com,12458,94,44,50,1.136363636,597,-54,-597,60,-590,597,-54,-54,-597,60,3681,-54,1625,-54,-597,60,597,-597,60,1111,-54,-597,60,597,-54,-597,60,597,-54,-597,60,3167,-54,-597,60,597,-597,60,-590,-54
tiktok.com,96798,108,52,56,1.076923077,597,-60,-597,54,597,-60,-597,54,597,-60,-3681,54,-1625,54,597,-60,597,-60,-597,597,-60,-1111,54,590,-60,54,-60,597,-60,-597,54,597,-60,-597,54,597,-60,-3167,54,597
tiktok.com,98290,86,41,45,1.097560976,597,-60,-597,54,597,-60,-597,54,597,-60,-3167,54,-1625,54,597,-60,-597,597,-60,-590,54,-1111,54,590,-60,597,-60,-597,54,597,-60,-597,54,597,-60,-3167,54,597,-60,-597
tiktok.com,100829,85,41,44,1.073170732,597,-60,-597,54,597,-60,-597,54,597,-60,-3681,54,597,-60,-1352,-356,54,597,-60,-597,597,-60,-597,54,-1111,54,-590,54,597,-60,-597,54,597,-60,-597,54,597,-60,-3167,54
tiktok.com,99072,84,38,46,1.210526316,590,-60,-597,54,-590,590,-60,-590,590,-60,-4608,54,-684,590,-60,-590,590,-60,-1618,54,590,-60,-590,590,-60,-590,590,-60,-3160,54,590,-60,-590,590,-60,597,-60,-597,54,-1514
tiktok.com,95765,82,40,42,1.05,590,-60,-590,54,590,-60,-597,54,-590,54,590,-60,-3160,54,-1502,54,-684,54,590,-60,-590,590,-60,-590,54,-1104,54,-590,54,590,-60,-590,54,590,-60,-590,54,590,-60,597
tiktok.com,98162,94,46,48,1.043478261,590,-60,597,-60,-590,54,590,-60,-590,54,590,-60,-4608,54,-684,54,590,-60,-590,590,-60,-590,54,-1104,54,597,-60,590,-60,-590,54,590,-60,-590,54,590,-60,-3160,54,590
tiktok.com,100452,97,45,52,1.155555556,590,-60,54,-60,-590,54,590,-60,-590,590,-60,-4608,54,-684,590,-60,-590,590,-60,-1618,54,597,-60,590,-60,-590,590,-60,-590,590,-60,-3160,54,590,-60,-590,590,-60,-1514,-597
tiktok.com,97895,89,43,46,1.069767442,597,-60,-597,54,597,-60,-597,54,597,-60,-3167,54,-1352,54,-841,54,597,-60,-597,54,597,-60,-597,54,-1111,54,590,-60,-590,54,597,-60,-597,54,597,-60,-597,597,-60,-3167
tiktok.com,104141,92,45,47,1.044444444,597,-60,-597,54,597,-60,-597,54,597,-60,-3681,54,597,-60,-1352,54,-327,54,597,-60,-597,54,597,-60,-1625,54,597,-60,-597,54,597,-60,-597,597,-60,-3167,54,597,-60,-597
tiktok.com,103928,87,41,46,1.12195122,597,-60,-597,54,597,-60,-597,54,597,-60,-3167,54,-1352,54,-841,54,597,-60,597,-60,-597,597,-60,-1625,54,590,-60,597,-60,-597,597,-60,-597,597,-60,-3167,54,597,-60,-597
tiktok.com,102751,95,45,50,1.111111111,597,-60,-590,54,-597,597,-60,-597,597,-60,-3681,54,-1352,54,-327,54,597,-60,-597,54,597,-60,-597,54,-1111,54,597,-60,-597,54,597,-60,-597,597,-60,-3167,54,597,-60,597
tiktok.com,98423,82,39,43,1.102564103,590,-60,-590,54,590,-60,-590,54,590,-60,-3674,54,-1618,54,590,-60,-590,590,-60,-1618,54,-597,54,590,-60,-590,590,-60,-590,590,-60,-3160,54,590,-60,-590,590,-60,-1514,54
tiktok.com,100033,84,41,43,1.048780488,590,-60,-590,54,590,-60,-590,54,590,-60,-3674,54,-1618,54,590,-60,-590,590,-60,-597,54,-590,54,-1104,54,590,-60,-590,54,590,-60,-590,54,590,-60,-3160,54,590,-60,-590
tiktok.com,97195,76,37,39,1.054054054,590,-60,-590,54,590,-60,-590,54,590,-60,-5122,54,-170,54,590,-60,-590,590,-60,-590,54,597,-60,-1104,54,590,-60,-590,54,590,-60,-590,54,590,-60,-3160,54,590,-60,-590
tiktok.com,97976,84,40,44,1.1,590,-60,-597,54,-590,590,-60,-590,590,-60,-3674,54,-1618,54,590,-60,-590,590,-60,-590,54,-1104,54,590,-60,-590,54,590,-60,-590,54,590,-60,-3160,54,590,-60,-590,590,-60
tiktok.com,95328,93,45,48,1.066666667,597,-60,-597,54,597,-60,-597,54,597,-60,-3681,54,-1625,54,597,-60,-597,597,-60,-597,54,-1111,54,597,-60,-590,54,-597,54,597,-60,-597,54,597,-60,-3167,54,597,-60,-597
tiktok.com,96278,91,44,47,1.068181818,597,-60,-597,54,597,-60,-597,54,597,-60,-3681,54,-1352,-327,54,597,-60,597,-60,-597,597,-60,-597,54,-1111,54,597,-60,-597,54,597,-60,-597,54,597,-60,-3167,54,597,-60
tiktok.com,64151,71,32,39,1.21875,590,-60,-597,597,-60,-597,597,-60,-3681,54,-1352,-327,54,597,-60,-597,597,-60,-1625,54,597,-60,-597,597,-60,-597,597,-60,-3167,54,597,-60,-597,597,-60,590,-60,-8359,54,-2650
tiktok.com,96576,81,38,43,1.131578947,597,-60,-597,597,-60,-597,597,-60,-3681,54,-1352,-327,54,597,-60,-597,597,-60,-597,54,-1111,54,-590,54,597,-60,-597,54,597,-60,-597,54,597,-60,-3167,54,597,-60,-597,597
twitter.com,12348,69,28,41,1.464285714,590,-54,-590,60,590,-54,-590,60,3160,-54,-590,60,590,-590,60,3674,-54,-590,60,1502,-54,170,-54,2950,-54,4398,-54,2950,-54,1502,-54,5846,-54,10162,-54,-590,60,7294,-54,2950
twitter.com,57168,58,28,30,1.071428571,590,-60,-590,54,590,-60,-590,590,-60,-3160,54,590,-60,590,-60,-590,590,-60,-3674,54,-1502,54,-170,54,-7294,54,-2950,54,-1502,54,-5846,54,-5846,-3812,54,54,590,-60,-10190,54
twitter.com,61488,60,29,31,1.068965517,590,-60,-590,54,590,-60,-590,54,590,-60,-3160,54,590,-60,-590,590,-60,-590,54,-5122,54,-1502,54,-286,54,-8742,54,-2950,54,-5846,54,590,-60,-16866,54,590,-60,-2950,54,-5846
twitter.com,5650,48,23,25,1.086956522,590,-54,-590,60,590,-590,60,3160,-54,-590,60,590,-590,60,3674,-54,1502,-54,1198,-54,7294,-54,2950,-54,1502,-54,10190,11734,-54,-54,4136,-54,-590,60,-590,60,6614,-54,-590,60
twitter.com,56416,49,23,26,1.130434783,590,-60,-590,590,-60,-590,590,-60,-2950,-264,54,590,-60,-590,54,590,-60,-1618,54,-7020,54,-2950,54,-19876,54,590,-60,590,-60,-2950,54,-1502,54,-11052,54,-1502,54,-1198,54,590
twitter.com,57774,56,25,31,1.24,590,-60,-590,54,590,-60,-590,590,-60,-3160,54,590,-60,-590,590,-60,-1618,54,-7294,54,-2950,54,-4724,54,-2950,54,-7294,54,590,-60,590,-60,-1010,-5846,-1502,54,-2950,54,-5846,54
twitter.com,57410,63,28,35,1.25,590,-60,-590,54,590,-60,-590,54,590,-60,-2950,-264,54,54,590,-60,-590,54,590,-60,-1514,-2214,54,-7020,54,-842,-5846,-2950,54,54,-170,-4398,-2950,54,54,590,-60,-4398,54,-1408
twitter.com,57347,46,22,24,1.090909091,590,-60,-590,54,590,-60,-590,54,590,-60,-3160,54,590,-60,-590,590,-60,-8814,54,-5050,54,-5846,-5894,54,-7354,54,-5456,54,590,-60,-1502,54,-8742,54,590,-60,-988,54,590,-60
twitter.com,69242,61,29,32,1.103448276,590,-60,-590,54,590,-60,-590,54,590,-60,-3674,54,-590,54,590,-60,-590,590,-60,-12362,54,-1502,590,-60,-8742,54,590,-60,-14534,-2950,54,-8366,54,590,-60,-2950,54,-4398,54,-1104
twitter.com,64004,59,28,31,1.107142857,590,-60,-590,54,590,-60,-590,54,590,-60,-3674,54,590,-60,-590,590,-60,597,-60,-3674,54,590,-60,-4398,54,-2950,54,-2950,54,-8742,54,-5050,54,590,-60,-5846,54,-5846,54,-10190
twitter.com,63371,57,28,29,1.035714286,590,-60,-590,54,590,-60,-590,54,590,-60,-3674,54,590,-60,-590,590,-60,-3674,54,-1502,54,-1502,54,-4398,54,-2950,54,-8040,54,590,-60,-7294,-7294,54,54,-2950,54,590,-60,-8742
twitter.com,63285,55,27,28,1.037037037,590,-60,-590,54,590,-60,-590,54,590,-60,-3674,54,590,-60,-590,590,-60,-3674,54,-2950,54,-4398,54,-2950,54,-5846,54,-2950,54,590,-60,-5846,54,-8742,54,590,-60,-13086,54,-4978
twitter.com,56942,47,22,25,1.136363636,590,-60,-590,54,590,-60,-590,54,590,-60,-3160,54,590,-60,-590,590,-60,-13810,54,590,-60,-8742,54,-11638,-1800,54,590,-60,-1502,-1198,54,-4398,54,-894,54,-6266,54,590,-60,-1104
twitter.com,56390,62,28,34,1.214285714,590,-60,-590,54,590,-60,-590,54,590,-60,-1502,-1712,54,590,-60,590,-60,-590,590,-60,-8018,54,590,-60,-4398,54,-1502,-5984,54,-2950,54,-4398,54,590,-60,-2950,54,-1502,-1430,54
twitter.com,7147,60,27,33,1.222222222,590,-54,590,-54,-590,60,590,-54,-590,60,1514,-54,1700,-54,-590,60,590,-590,60,-54,-60,3674,-54,7354,-54,4064,-54,-597,-54,4398,-54,1514,60,-54,4398,-54,-590,60,4398,-54
twitter.com,58494,67,33,34,1.03030303,590,-60,-590,54,590,-60,-590,54,590,-60,-3160,54,590,-60,-590,590,-60,597,-60,-3674,54,-4398,54,-1408,54,-2950,54,-7294,54,-1502,54,-1502,54,-1524,54,590,-60,-2950,54,-2950
twitter.com,57158,51,25,26,1.04,597,-60,-597,54,597,-60,-597,54,597,-60,-3167,54,597,-60,-597,597,-60,-3681,54,-1352,54,-7842,54,-5246,54,-1352,54,-1352,54,-7842,54,597,-60,-13034,54,597,-60,-2650,54,-5541
twitter.com,58054,47,23,24,1.043478261,597,-60,-597,54,597,-60,-597,54,597,-60,-3167,54,597,-60,-597,597,-60,-6817,54,-6544,-3449,54,54,-9910,54,597,-60,597,-60,-11205,54,-10438,54,-3423,54,597,-60,590,-60,54
twitter.com,57958,42,20,22,1.1,597,-60,-597,54,597,-60,-597,54,597,-60,-3167,54,597,-60,-597,597,-60,-8814,54,-4007,54,-10438,54,-2433,54,597,-60,597,-60,-7842,54,-16114,54,-567,597,-60,-1111,54,-597,54
twitter.com,57086,49,24,25,1.041666667,597,-60,-597,54,597,-60,-597,54,597,-60,-3167,54,597,-60,-597,597,-60,-3681,54,-1352,54,-870,54,-6544,54,-3948,54,-2650,54,-10438,54,1111,-60,-3165,54,-3948,54,-2650,54,-10438
twitter.com,65138,58,27,31,1.148148148,597,-60,-597,54,597,-60,-597,54,597,-60,-3681,54,597,-60,-597,597,-60,-3681,54,-2650,54,-2650,54,-89,-6544,54,-3948,54,-2650,54,-1352,-2650,54,597,-60,-7842,54,-2650,54,-5246
twitter.com,5151,54,29,25,0.862068966,597,-54,-597,60,597,-54,-597,60,3681,-54,-597,60,597,-597,60,3681,-54,2650,-54,1352,3948,-54,1352,5246,-54,1352,1643,-54,1352,-54,15630,-54,-597,60,-597,60,830,-54,6544,-54
twitter.com,67608,49,22,27,1.227272727,597,-60,-597,597,-60,-597,597,-60,-3681,54,597,-60,-597,597,-60,-10171,54,597,-60,-2650,54,-13034,54,597,-60,-1352,-1352,54,-1352,-16706,54,-2650,54,-2650,54,597,-60,-7828,54,597
twitter.com,60165,49,24,25,1.041666667,597,-60,-597,54,597,-60,-597,54,597,-60,-3681,54,597,-60,-597,597,-60,-8814,54,-4007,54,-11734,54,-3950,54,597,-60,-1352,54,-16114,54,-868,54,597,-60,-5246,54,597,-60,-837
twitter.com,7036,58,28,30,1.071428571,597,-54,-597,60,597,-54,-597,60,3681,-54,597,-54,-597,60,597,-597,60,3681,-54,2650,-54,2650,-54,2650,-54,2119,-54,-597,60,6544,-54,1352,-597,60,2650,-54,4178,-54,3948,-54
twitter.com,64919,69,34,35,1.029411765,597,-60,-597,54,597,-60,-597,54,597,-60,-3681,54,-597,54,597,-60,-597,597,-60,-590,54,-1625,54,-2650,54,-2650,54,597,-60,-2650,54,-2650,54,-66,54,-6544,54,-7842,54,597
twitter.com,60951,59,29,30,1.034482759,597,-60,-590,54,-597,54,597,-60,-597,54,597,-60,54,-60,-590,-2974,54,54,-761,54,597,-60,-597,597,-60,-1514,54,-2974,54,-4434,54,-3159,54,-7354,54,-542,54,-5246,-2169,54
twitter.com,60693,50,25,25,1,597,-60,-597,54,597,-60,-597,54,597,-60,-3681,54,-597,54,597,-60,-597,54,597,-60,-3681,54,-2650,54,-1352,54,-9140,-3948,54,54,-11734,54,-60,54,597,-60,597,-60,-6544,54
twitter.com,60337,54,24,30,1.25,590,-60,-597,54,-590,590,-60,-590,590,-60,-3160,54,590,-60,-590,590,-60,-3674,54,-2950,54,-2950,54,-474,-2950,-4398,54,54,-4724,54,-10190,54,1104,-60,-4398,54,-590,-10190,54,-3674
twitter.com,58886,62,30,32,1.066666667,590,-60,-590,54,590,-60,-590,54,590,-60,597,-60,-3160,54,590,-60,-590,590,-60,-3674,54,-4398,54,-4398,54,-1220,-5846,-1502,54,54,-590,54,590,-60,-5846,54,590,-60,-8742,54
twitter.com,58030,49,23,26,1.130434783,590,-60,-590,54,590,-60,-590,54,590,-60,597,-60,-3160,54,590,-60,-590,590,-60,-13810,54,-4398,-9930,54,54,-2950,-4434,54,-1466,590,-60,590,-60,-13086,54,590,-60,-612,54,-1104
twitter.com,59346,58,27,31,1.148148148,590,-60,-590,54,590,-60,-590,-597,54,54,590,-60,-3160,54,590,-60,-590,590,-60,-3674,54,-2950,54,-2950,54,-474,-7294,54,-4724,54,-8742,54,590,-60,-2950,54,-7294,54,590,-60
twitter.com,56646,51,24,27,1.125,597,-60,-597,54,597,-60,-597,54,597,-60,-3167,54,597,-60,-597,597,-60,-4979,54,-6544,54,-9140,54,-1352,-9899,54,597,-60,597,-60,-5246,54,-2650,54,-1352,-6544,-1614,54,54,597
twitter.com,7036,57,27,30,1.111111111,597,-54,-597,60,597,-54,-597,60,3167,-54,-597,60,597,-597,60,3681,-54,1352,-54,841,-54,5246,-54,3948,-54,1352,-54,2650,-54,1352,-54,6544,-54,-597,60,7842,-54,-597,60,5246
twitter.com,57586,46,22,24,1.090909091,597,-60,-597,54,597,-60,-597,54,597,-60,-3167,54,597,-60,-597,597,-60,-12767,54,-3948,54,-5246,54,597,-60,-1352,-8688,54,597,-60,-9907,54,-7822,54,597,-60,-1111,54,-590,54
twitter.com,57688,51,25,26,1.04,597,-60,-597,54,597,-60,-597,54,597,-60,-3167,54,597,-60,-597,597,-60,-3681,54,-1352,54,-6544,54,-5246,54,-10438,54,597,-60,597,-60,-5246,54,-1352,54,-6544,-5246,54,54,-4243
twitter.com,62953,58,28,30,1.071428571,590,-60,-590,54,590,-60,-590,54,590,-60,597,-60,-3674,54,590,-60,590,-60,-590,590,-60,-3674,54,-2950,54,-4398,54,-2950,54,-8554,54,590,-60,-5846,54,-8742,54,-2950,54,-2950
twitter.com,60287,41,20,21,1.05,590,-60,-590,54,590,-60,-590,54,590,-60,-3674,54,590,-60,-590,590,-60,-13810,54,-11638,54,-17148,54,590,-60,-9886,54,590,-60,590,-60,-1104,54,597,-60,-597,54,590,-60,54
twitter.com,61219,53,26,27,1.038461538,590,-60,-590,54,590,-60,-590,54,590,-60,-3674,54,590,-60,-590,590,-60,-3674,54,590,-60,-2950,54,-2950,54,-988,54,-21608,54,-4398,54,590,-60,-1502,54,-14694,54,590,-60,590
twitter.com,63507,42,20,22,1.1,590,-60,-590,54,590,-60,-590,590,-60,-3674,54,590,-60,-590,590,-60,-8814,54,-5050,54,-11734,54,-2854,54,590,-60,-13688,54,-13622,54,1104,-60,-1104,54,597,-60,590,-60,-597,54
twitter.com,59344,52,24,28,1.166666667,597,-60,-597,597,-60,-597,597,-60,-3167,54,597,-60,-597,597,-60,-6277,54,-2650,54,-7842,54,-2650,54,-7842,-1352,54,597,-60,-2650,54,-7842,54,-2650,54,-9136,54,1111,-60,-1111,54
twitter.com,57646,48,22,26,1.181818182,597,-60,-597,54,597,-60,-597,54,597,-60,-3167,54,597,-60,-597,597,-60,-10274,54,-2547,54,-5246,54,-11734,-60,54,597,-60,-16114,54,-617,597,-60,-2650,54,-1085,597,-60,-1111,54
twitter.com,57807,54,24,30,1.25,597,-60,-597,597,-60,-597,597,-60,-3167,54,597,-60,-597,597,-60,590,-60,-3681,54,-3681,54,-6544,-1352,54,-1352,-4991,54,-1352,-7842,54,1111,-60,-1352,54,-6544,54,-8569,54,-1352,54
twitter.com,57287,53,25,28,1.12,597,-60,-597,54,597,-60,-597,54,597,-60,-3167,54,597,-60,-597,597,-60,-8814,54,-4007,54,-9402,-1514,54,-5084,54,597,-60,597,-60,-13034,-1514,54,-3244,54,-2682,54,597,-60,-590
wikipedia.org,6989,45,25,20,0.8,590,-54,-590,60,590,-590,60,3160,-54,-590,60,1104,-590,60,590,-590,60,2132,-54,-590,60,590,-590,60,590,-590,60,3160,-54,1104,-590,60,590,-590,60,7020,-54,4398,-54,2950
wikipedia.org,37556,52,23,29,1.260869565,590,-60,-590,54,590,-60,-590,54,590,-60,-3674,54,-590,54,590,-60,-590,590,-60,597,-60,-2646,54,590,-60,-590,590,-60,-590,590,-60,-3160,54,-1104,590,-60,597,-60,-590,590
wikipedia.org,36900,47,20,27,1.35,590,-60,-590,54,590,-60,-590,590,-60,-3160,54,-1104,590,-60,-590,590,-60,-2646,54,590,-60,-590,590,-60,-590,590,-60,-3674,54,-590,590,-60,-590,590,-60,-4124,54,-4398,54,-5846
wikipedia.org,40834,75,36,39,1.083333333,590,-60,-590,54,590,-60,-590,54,590,-60,-3674,54,-590,54,590,-60,-590,54,590,-60,-2132,54,-590,54,590,-60,1111,-60,-597,54,597,-60,-597,54,597,-60,-590,54,590,-60
wikipedia.org,38739,60,29,31,1.068965517,590,-60,-590,-597,54,54,590,-60,-590,54,590,-60,-3674,54,-590,54,590,-60,-590,590,-60,-1618,54,-1104,54,-597,54,590,-60,-590,54,590,-60,-590,54,590,-60,-3674,54,-590
wikipedia.org,16661,46,21,25,1.19047619,590,-60,-590,590,-60,-590,-597,54,590,-60,-3674,54,-590,590,-60,-590,590,-60,-1514,54,-694,54,-590,-597,54,54,590,-60,-590,54,590,-60,-590,54,590,-60,-597,-2974,54,54
wikipedia.org,38739,59,28,31,1.107142857,590,-60,-590,54,590,-60,-590,54,590,-60,-597,54,-3160,54,-1104,590,-60,-590,590,-60,-1618,54,-1104,54,597,-60,590,-60,-590,54,590,-60,-590,54,590,-60,-3674,54,-590,54
wikipedia.org,41550,81,38,43,1.131578947,590,-60,-590,54,590,-60,-590,54,590,-60,590,-60,-590,54,590,-60,-590,54,590,-60,-2950,54,-778,54,-1126,54,590,-60,-590,54,590,-60,597,-60,-2132,54,590,-60,-590,54
wikipedia.org,41789,59,28,31,1.107142857,590,-60,-590,54,590,-60,-590,54,590,-60,-5122,54,-1198,54,590,-60,-590,590,-60,-2646,54,597,-60,590,-60,590,-60,-590,590,-60,-590,590,-60,-3674,54,-1502,54,-1220,54,590
wikipedia.org,42614,64,28,36,1.285714286,590,-60,-590,590,-60,-590,590,-60,-3674,54,-1502,-1220,54,590,-60,-590,590,-60,-2646,54,597,-60,590,-60,590,-60,-590,590,-60,-590,590,-60,-3674,54,-1502,-1198,54,590,-60,590
wikipedia.org,9036,57,29,28,0.965517241,590,-54,-590,60,590,-54,-590,60,3674,-54,1502,-54,1198,-54,-590,60,590,-590,60,2646,-54,-597,-54,-590,60,590,-590,60,590,-590,60,3674,-54,1502,1220,-54,-590,60,590,-590
wikipedia.org,41186,65,28,37,1.321428571,590,-60,-590,590,-60,-590,590,-60,-3674,54,590,-60,-590,590,-60,-590,590,-60,-590,590,-60,-2646,54,-590,590,-60,-590,54,597,-60,590,-60,590,-60,-590,54,590,-60,-590,54
wikipedia.org,37449,49,22,27,1.227272727,590,-60,-590,54,590,-60,-590,54,590,-60,-597,-1514,54,54,-2750,54,590,-60,-590,590,-60,-2646,54,54,-60,590,-60,597,-60,-590,590,-60,-590,590,-60,-3674,54,590,-60,-590
wikipedia.org,37173,57,26,31,1.192307692,590,-60,-590,590,-60,597,-60,-590,590,-60,-1514,54,-2750,54,590,-60,-590,54,590,-60,-2132,54,590,-60,-590,54,590,-60,-590,590,-60,-3674,54,-590,590,-60,-590,590,-60,-597
wikipedia.org,23772,53,25,28,1.12,590,-60,-590,-597,54,54,-590,54,590,-60,-590,54,590,-60,-2974,54,-240,54,-1104,54,590,-60,-590,590,-60,-2132,54,597,-60,590,-60,-590,590,-60,-590,590,-60,-1514,54,-2750
wikipedia.org,36853,45,19,26,1.368421053,590,-60,-590,54,590,-60,-590,590,-60,-3674,54,-590,590,-60,-590,590,-60,-2132,54,-597,54,54,-60,590,-60,-590,590,-60,-590,590,-60,-3160,54,-1104,590,-60,-590,590,-60,-13296
wikipedia.org,38826,54,24,30,1.25,597,-60,-590,54,-597,597,-60,-597,597,-60,-3681,54,-597,597,-60,-597,597,-60,-1625,54,-1111,54,597,-60,-597,54,597,-60,-597,54,597,-60,-3167,54,-1111,-590,54,54,597,-60
wikipedia.org,40086,63,29,34,1.172413793,597,-60,-590,54,-597,54,597,-60,-597,54,597,-60,-3681,54,-597,54,597,-60,-597,597,-60,-2139,54,-590,54,597,-60,-597,597,-60,-597,597,-60,-3681,54,-597,597,-60,-597,597
wikipedia.org,37201,53,23,30,1.304347826,597,-60,-597,54,597,-60,-597,597,-60,-3681,54,-597,597,-60,-597,597,-60,-2139,54,54,-60,597,-60,-597,597,-60,-597,597,-60,-3167,54,-1111,597,-60,-597,597,-60,-5763,54,-2650
wikipedia.org,37027,48,21,27,1.285714286,597,-60,-597,54,597,-60,-597,54,597,-60,-3681,54,-597,597,-60,-597,597,-60,-2139,54,597,-60,-597,597,-60,-597,597,-60,-3681,54,-597,597,-60,-597,597,-60,-6727,54,-2650,54
wikipedia.org,40691,50,22,28,1.272727273,597,-60,-597,54,597,-60,-597,597,-60,-3681,54,-2653,54,597,-60,-597,597,-60,-2139,54,597,-60,-597,597,-60,-597,597,-60,-3681,54,-2650,54,-86,597,-60,-597,597,-60,-10621,54
wikipedia.org,41855,57,26,31,1.192307692,597,-60,-597,54,597,-60,-597,54,597,-60,-3681,54,-2650,54,-60,54,597,-60,-597,597,-60,-2653,54,54,-60,597,-60,-597,597,-60,-597,597,-60,-3681,54,-2653,54,597,-60,-597
wikipedia.org,41218,51,22,29,1.318181818,597,-60,-597,54,597,-60,-597,597,-60,-3681,54,-2653,54,597,-60,-597,597,-60,-2139,54,597,-60,-597,597,-60,-597,597,-60,-3681,54,-2653,54,597,-60,-597,597,-60,-3681,54,-3948
wikipedia.org,7323,59,34,25,0.735294118,597,-597,60,597,-597,60,3681,-54,1111,-597,60,1352,-54,327,-54,-597,60,597,-54,-597,60,2139,-54,-597,60,597,-54,-597,60,597,-597,60,1514,2221,-54,1111,1352,-54,327,-597
wikipedia.org,40694,51,23,28,1.217391304,597,-60,-597,54,597,-60,-597,54,597,-60,-3681,54,-2653,54,597,-60,-597,597,-60,54,-60,-2139,54,-590,54,597,-60,-597,597,-60,-597,597,-60,-4979,54,-841,597,-60,-597,597
wikipedia.org,41488,60,28,32,1.142857143,597,-60,-597,597,-60,-597,597,-60,-3681,54,-1111,54,-1111,54,597,-60,-597,54,597,-60,-2139,54,-590,54,-597,54,597,-60,-597,54,597,-60,-597,597,-60,-3681,54,-2139,54,597
wikipedia.org,40887,59,27,32,1.185185185,597,-60,-597,54,597,-60,-597,54,597,-60,-5429,54,-391,54,597,-60,-597,597,-60,-2139,54,590,-60,597,-60,-597,597,-60,-597,597,-60,-6277,54,-60,597,-60,590,-60,-597,597
wikipedia.org,41928,60,29,31,1.068965517,597,-60,-597,54,597,-60,-597,54,597,-60,54,-60,-5894,54,-437,54,-60,54,597,-60,-597,597,-60,590,-60,-590,-2139,54,54,-597,54,597,-60,-597,54,597,-60,-597,54,597
wikipedia.org,36799,46,21,25,1.19047619,590,-60,-590,54,590,-60,-590,54,590,-60,-3674,54,-590,54,590,-60,-590,590,-60,597,-60,-2132,54,590,-60,-590,590,-60,-590,590,-60,-4210,54,590,-60,-590,-597,54,590,-60
wikipedia.org,38295,58,26,32,1.230769231,590,-60,-597,54,-590,590,-60,-590,590,-60,-597,-2974,54,54,-754,54,-590,54,590,-60,-590,54,590,-60,-1618,54,-590,54,590,-60,-597,54,-590,54,590,-60,-590,590,-60,-3160
wikipedia.org,38002,52,25,27,1.08,590,-60,-590,54,590,-60,-590,54,590,-60,-597,54,-1514,54,-2750,54,590,-60,-590,590,-60,-2132,54,-597,54,590,-60,-590,54,-590,54,590,-60,-590,54,590,-60,-3674,54,-590
wikipedia.org,37659,57,26,31,1.192307692,590,-60,-590,590,-60,-590,590,-60,-3160,54,590,-60,-1104,590,-60,-590,590,-60,597,-60,-590,54,-2132,54,590,-60,-590,54,590,-60,-590,-597,54,54,590,-60,-4210,54,590,-60
wikipedia.org,39278,55,25,30,1.2,597,-60,-597,54,597,-60,-597,54,597,-60,-5519,54,-844,54,597,-60,-597,597,-60,-2139,54,590,-60,597,-60,-597,597,-60,-597,597,-60,-3681,54,-597,597,-60,-597,597,-60,-6727
wikipedia.org,38653,52,23,29,1.260869565,597,-60,-597,597,-60,-597,597,-60,-4979,54,-841,597,-60,-597,597,-60,-2139,54,590,-60,597,-60,597,-60,-597,597,-60,-597,597,-60,-2974,54,-761,54,-597,54,597,-60,-597,54
wikipedia.org,39116,49,21,28,1.333333333,597,-60,-597,54,597,-60,-597,597,-60,-3681,54,-2650,54,-590,54,-60,597,-60,-597,597,-60,-2139,54,597,-60,-597,597,-60,-597,597,-60,-3681,54,-597,597,-60,-597,597,-60,-11919
wikipedia.org,39866,57,26,31,1.192307692,597,-60,-597,597,-60,-597,597,-60,590,-60,-3681,54,-2650,54,-60,597,-60,-597,597,-60,-1514,54,-679,54,-590,54,597,-60,-597,54,597,-60,-597,54,597,-60,-3681,54,-597,54
wikipedia.org,41914,61,28,33,1.178571429,590,-60,-590,54,590,-60,-590,54,590,-60,-3674,54,-1502,54,-1198,54,590,-60,-590,590,-60,-2132,54,-597,54,590,-60,-590,590,-60,-590,590,-60,-3674,54,-2646,54,590,-60,-590
wikipedia.org,41383,57,25,32,1.28,590,-60,-590,590,-60,-590,590,-60,-3674,54,-2646,54,590,-60,590,-60,-590,590,-60,-2132,54,597,-60,590,-60,-590,590,-60,-590,590,-60,-4124,54,-1502,-770,54,590,-60,-590,590
wikipedia.org,40902,60,27,33,1.222222222,590,-60,-590,54,590,-60,-590,54,590,-60,-3674,54,-1502,54,-684,54,590,-60,-590,590,-60,-2132,54,-597,54,590,-60,-590,590,-60,-590,590,-60,-3674,54,-1502,-1198,54,590,-60
wikipedia.org,8338,56,31,25,0.806451613,590,-590,60,590,-590,60,4124,-54,1502,770,-54,-590,60,590,-590,60,2132,-54,-590,60,-590,60,590,-590,60,590,-590,60,4124,-54,654,1502,-54,170,-590,60,590,-590,60,6570
wikipedia.org,39419,58,26,32,1.230769231,597,-60,-597,54,597,-60,-597,54,597,-60,-3681,54,-597,54,597,-60,-597,597,-60,-2653,54,-590,54,597,-60,597,-60,-597,597,-60,-597,597,-60,-3681,54,-597,597,-60,-590,-597
wikipedia.org,38321,60,29,31,1.068965517,597,-60,-597,54,597,-60,-597,54,597,-60,-3681,54,-597,54,597,-60,-597,597,-60,-1625,54,-1111,54,-590,54,597,-60,-597,54,597,-60,-597,54,597,-60,-3681,54,-597,54,597
wikipedia.org,7864,50,25,25,1,597,-54,-597,60,597,-54,-597,60,3681,-54,597,-54,-597,60,597,-597,60,2139,-54,-597,60,-590,-60,597,-597,60,597,-597,60,597,2650,-54,1085,-54,597,-54,-597,60,597,-54
wikipedia.org,7899,51,25,26,1.04,597,-54,597,-54,-597,60,597,-54,-597,60,-590,-54,3167,-54,1111,-54,-597,60,597,-597,60,2139,-54,-597,60,597,-597,60,597,-597,60,3167,-54,1111,-597,60,597,-597,60,8873
yahoo.com,17176,106,56,50,0.892857143,590,-54,-590,60,590,-54,-590,60,1618,-54,1502,-54,1198,-54,-590,60,590,-590,60,1104,-590,60,1104,-54,-590,60,590,-54,-590,60,-597,-60,590,-54,-590,60,3674,-54,590,-54
yahoo.com,16567,98,50,48,0.96,76,-590,60,-590,60,590,-590,60,590,-590,60,3674,-54,590,-590,60,590,-590,60,1104,-590,60,1104,-54,-597,-60,-590,60,590,-54,-590,60,590,-54,-590,60,3674,-54,590,-54
yahoo.com,25768,73,34,39,1.147058824,590,-60,-590,54,590,-60,-590,54,590,-60,-3674,54,-590,54,590,-60,-590,590,-60,-1618,54,597,-60,590,-60,-590,590,-60,590,-60,-590,590,-60,-3674,54,-590,590,-60,-590,590
yahoo.com,35826,89,41,48,1.170731707,590,-60,-590,54,590,-60,-590,54,590,-60,-3674,54,-590,54,590,-60,-590,590,-60,-1618,54,597,-60,590,-60,-590,590,-60,-590,590,-60,74,-60,54,645,-60,-153,54,679,-60
yahoo.com,26162,78,38,40,1.052631579,590,-60,-590,54,590,-60,-590,54,590,-60,590,-60,-4210,-597,54,54,590,-60,-590,590,-60,74,-1514,54,-158,54,-60,54,353,-60,-153,54,392,-60,-1212,54,128,-60,87,-60
yahoo.com,25608,61,25,36,1.44,590,-60,-590,590,-60,597,-60,-590,590,-60,-3674,54,-590,590,-60,-590,590,-60,-1618,54,590,-60,-597,54,-590,590,-60,-590,590,-60,-1618,54,-2646,54,590,-60,-590,590,-60,-2646
yahoo.com,261149,117,52,65,1.25,590,-60,-590,590,-60,-590,590,-60,-3674,54,-590,590,-60,-590,590,-60,-2132,54,590,-60,-590,590,-60,-590,590,-60,-3674,54,-590,590,-60,-590,590,-60,-2646,54,-4398,54,-4398,54
yahoo.com,276859,120,54,66,1.222222222,590,-60,-590,54,590,-60,-590,54,590,-60,-3674,54,-590,54,590,-60,-590,590,-60,-1618,54,590,-60,-590,590,-60,-597,54,-590,590,-60,-3674,54,-590,590,-60,-590,590,-60,-14230
yahoo.com,111169,74,33,41,1.242424242,590,-60,-590,590,-60,-590,590,-60,-3674,54,-590,590,-60,-590,590,-60,-2132,54,590,-60,-590,590,-60,-590,590,-60,-3674,54,-590,590,-60,-590,590,-60,-597,54,590,-60,-1514,54
yahoo.com,268069,154,71,83,1.169014085,590,-60,-590,590,-60,-590,590,-60,-597,54,-1618,54,-1502,-1198,54,590,-60,-590,590,-60,-2132,54,590,-60,-590,590,-60,-590,590,-60,-3674,54,-590,590,-60,-590,590,-60,-2646,54
yahoo.com,46132,109,51,58,1.137254902,590,-60,-590,54,590,-60,-590,54,590,-60,-3674,54,-590,54,590,-60,-597,54,-590,590,-60,-1104,590,-60,-1104,54,590,-60,-590,54,590,-60,-590,54,590,-60,-3674,54,-590,54
yahoo.com,46086,87,38,49,1.289473684,590,-60,-590,54,590,-60,-590,54,590,-60,-3674,54,-590,54,590,-60,-590,590,-60,-2132,54,590,-60,-590,590,-60,-590,590,-60,-3674,54,-590,590,-60,-590,590,-60,-2646,54,-597
yahoo.com,27160,68,32,36,1.125,590,-60,-590,54,590,-60,-590,54,590,-60,-1514,54,-2750,54,590,-60,-590,54,590,-60,-2132,54,-597,54,590,-60,-590,54,590,-60,-590,590,-60,-3674,54,-590,590,-60,-590,590
yahoo.com,27219,65,28,37,1.321428571,590,-60,-590,590,-60,-590,590,-60,-3674,54,-590,590,-60,-590,590,-60,-1618,54,590,-60,-590,590,-60,-597,54,-590,590,-60,-3674,54,-590,590,-60,-590,590,-60,-1618,54,54,-60
yahoo.com,27726,68,31,37,1.193548387,590,-60,-590,590,-60,-590,590,-60,-3674,54,-590,590,-60,-590,590,-60,597,-60,-1104,54,-1104,54,590,-60,-590,54,590,-60,-590,54,590,-60,-3160,54,-1104,54,590,-60,-590,590
yahoo.com,11193,62,34,28,0.823529412,590,-590,60,590,-590,60,3674,-54,590,-590,60,590,-590,60,-597,-60,2132,-54,-590,60,590,-590,60,590,-590,60,3674,-54,590,-590,60,590,-590,60,2646,-54,-597,-54,-590,60
yahoo.com,34335,88,39,49,1.256410256,597,-60,-597,54,597,-60,-597,54,597,-60,-3681,54,-597,54,597,-60,-597,597,-60,-1625,54,-590,54,597,-60,-597,597,-60,-597,597,-60,-3681,54,597,-60,-597,597,-60,54,-60
yahoo.com,44297,93,42,51,1.214285714,597,-60,-597,54,597,-60,-597,54,597,-60,-3681,54,-597,54,597,-60,-597,597,-60,-1625,54,597,-60,-590,54,-597,597,-60,-597,597,-60,-3681,54,-597,597,-60,-597,597,-60,-2653
yahoo.com,43260,81,34,47,1.382352941,597,-60,-597,54,597,-60,-597,54,597,-60,-3681,54,-597,54,597,-60,-597,597,-60,-1625,54,597,-60,-597,597,-60,-597,597,-60,-3681,54,-597,597,-60,-597,597,-60,-2653,54,597
yahoo.com,43790,91,40,51,1.275,597,-60,-597,54,597,-60,-597,54,597,-60,-3681,54,-597,54,597,-60,-597,597,-60,-1625,54,597,-60,-597,597,-60,-597,597,-60,-3681,54,-597,597,-60,54,-60,-597,597,-60,-2653
yahoo.com,279758,127,60,67,1.116666667,597,-60,-597,54,597,-60,-597,54,597,-60,-3681,54,-597,54,597,-60,-597,597,-60,597,-60,-1625,54,597,-60,-597,597,-60,-597,597,-60,-3681,54,-597,597,-60,-597,597,-60,-7575
yahoo.com,262234,118,54,64,1.185185185,597,-60,-597,597,-60,-597,597,-60,-3681,54,-597,597,-60,-597,597,-60,-1625,54,597,-60,-597,597,-60,-597,597,-60,-3681,54,-597,597,-60,-597,597,-60,-12767,54,-5246,54,-10438,-2650
yahoo.com,16278,128,68,60,0.882352941,597,-597,60,597,-597,60,3681,-54,597,-597,60,597,-597,60,1111,-597,60,597,-54,-54,-60,-597,60,597,-54,-597,60,597,-54,-597,60,3681,-54,597,-54,-597,60,597,-597,60
yahoo.com,280444,136,64,72,1.125,597,-60,-597,54,597,-60,-597,54,597,-60,-3681,54,-597,54,597,-60,-597,597,-60,-1625,54,597,-60,-597,597,-60,-597,597,-60,-3681,54,-597,597,-60,-597,597,-60,-12767,54,597
yahoo.com,18340,161,82,79,0.963414634,597,-54,-597,60,597,-54,-597,60,-590,-54,3681,-54,597,-54,-597,60,597,-597,60,1625,-54,-597,60,597,-597,60,597,-597,60,3681,-54,597,-597,60,597,-597,60,2653,-54,6544
yahoo.com,269221,137,62,75,1.209677419,597,-60,-597,54,597,-60,-597,54,597,-60,-3681,54,-597,597,-60,-597,597,-60,-1625,54,54,-60,597,-60,-597,597,-60,590,-60,-597,597,-60,-3681,54,-597,597,-60,-597,597,-60
yahoo.com,27737,135,61,74,1.213114754,597,-597,60,597,-597,60,3681,-54,597,-597,60,597,-597,60,1625,-54,-597,60,-590,-60,-597,60,597,-597,60,597,-597,60,3681,-54,597,-597,60,597,-597,60,11734,60,-54,6544
yahoo.com,259648,124,53,71,1.339622642,597,-60,-597,54,597,-60,-597,54,597,-60,-3681,54,-597,54,597,-60,-597,597,-60,-1625,54,-590,54,597,-60,-597,597,-60,-597,597,-60,-3681,54,597,-60,-597,597,-60,-597,597
yahoo.com,17955,136,72,64,0.888888889,590,-54,-590,60,-597,-54,590,-54,-590,60,3674,-54,590,-54,-590,60,590,-590,60,1104,-590,60,590,-54,-597,-60,-590,60,590,-54,-590,60,590,-54,-590,60,3674,-54,590,-54
yahoo.com,262534,145,65,80,1.230769231,590,-60,-590,54,590,-60,-590,54,590,-60,-3674,54,-590,54,590,-60,-597,54,-590,590,-60,-1104,590,-60,-590,54,590,-60,-590,54,590,-60,-590,54,590,-60,-3674,54,-590,54
yahoo.com,259764,89,39,50,1.282051282,590,-60,-590,54,590,-60,-590,-597,54,54,590,-60,-3674,54,-590,54,590,-60,-590,590,-60,-1618,54,590,-60,-590,590,-60,-590,590,-60,-3674,54,-590,590,-60,-590,590,-60,-13810
yahoo.com,286497,183,81,102,1.259259259,590,-60,74,-60,54,571,-60,-2974,54,-3098,54,212,-60,508,-60,-590,590,-60,-105,-407,54,54,-590,590,-60,-3674,54,-590,590,-60,-590,590,-60,597,-60,74,-60,54,571,-60
yahoo.com,44807,90,39,51,1.307692308,597,-60,-597,54,597,-60,-597,597,-60,-3681,54,-597,597,-60,-597,597,-60,-1625,54,-590,54,597,-60,-597,597,-60,-597,597,-60,-3681,54,-597,597,-60,-597,597,-60,-2653,54,-590
yahoo.com,44500,97,43,54,1.255813953,597,-60,-597,54,597,-60,-597,54,597,-60,-3681,54,-597,54,597,-60,-597,597,-60,-1625,54,590,-60,597,-60,-597,597,-60,-597,597,-60,-3681,54,-597,597,-60,-597,597,-60,-2653
yahoo.com,14694,90,49,41,0.836734694,597,-597,60,597,-597,60,3681,-54,-597,60,597,-597,60,597,-597,60,1625,-54,-590,-60,-597,60,597,-597,60,597,-597,60,3681,-54,597,-597,60,597,-597,60,2653,-54,-590,-54
yahoo.com,44173,88,39,49,1.256410256,597,-60,-597,54,597,-60,-597,54,597,-60,-3681,54,-597,54,597,-60,-597,597,-60,-1625,54,590,-60,597,-60,-597,597,-60,-597,597,-60,-3681,54,-597,597,-60,-597,597,-60,-2653
yahoo.com,260372,105,46,59,1.282608696,590,-60,-590,54,590,-60,-590,54,590,-60,-3674,54,-590,54,590,-60,-590,590,-60,597,-60,-1618,54,-597,54,590,-60,-590,590,-60,-590,590,-60,-3674,54,-590,590,-60,-590,590
yahoo.com,258385,158,72,86,1.194444444,590,-60,-590,54,590,-60,-590,54,590,-60,-3674,54,-590,54,590,-60,-590,590,-60,-2132,54,597,-60,590,-60,-590,590,-60,-590,590,-60,-3674,54,-590,590,-60,-590,590,-60,-11334
yahoo.com,260407,129,56,73,1.303571429,590,-60,-590,54,590,-60,-590,54,590,-60,-3674,54,-590,54,590,-60,-590,590,-60,-1618,54,590,-60,-590,590,-60,-590,590,-60,-3674,54,-590,590,-60,-590,590,-60,-9886,54,-2950
yahoo.com,260473,127,58,69,1.189655172,590,-60,-590,54,590,-60,-597,54,-590,54,590,-60,-3674,54,-590,54,590,-60,-590,590,-60,-2132,54,590,-60,-590,590,-60,-590,590,-60,-3674,54,-590,590,-60,-590,590,-60,-2646
yahoo.com,18307,47,21,26,1.238095238,597,-60,-597,54,597,-60,-597,54,597,-60,-3681,54,-597,54,597,-60,-597,597,-60,-1625,54,590,-60,597,-60,-597,597,-60,-597,597,-60,-3681,54,-597,597,-60,-597,597,-60,590
yahoo.com,24593,61,26,35,1.346153846,597,-60,-597,54,597,-60,-597,54,597,-60,590,-60,-3681,54,-597,597,-60,-597,597,-60,-1625,54,597,-60,-597,597,-60,-597,597,-60,590,-60,-3681,54,-597,597,-60,-597,597,-60
yahoo.com,11764,73,36,37,1.027777778,597,-54,597,-54,-597,60,597,-54,-597,60,3681,-54,597,-54,-597,60,597,-597,60,1111,-597,60,597,-54,-597,60,597,-54,-597,60,-590,-54,597,-54,-597,60,3681,-54,597,-54
yahoo.com,20287,57,25,32,1.28,597,-60,-597,54,597,-60,-597,597,-60,-3681,54,-597,597,-60,-597,597,-60,-1111,597,-60,-1111,54,590,-60,597,-60,-597,54,597,-60,-597,54,597,-60,-3681,54,-597,54,597,-60
