amazon.com,162095,147,68,79,1.161764705882353,597,-60,-597,54,597,-60,-597,597,-60,-1352,-1352,54,-1085,-1352,54,-1352,54,-86,54,597,-60,-597,54,597,-60,-597,54,597,-60,-597,54,597,-60,-597,54,597,-60,-597,54,597
amazon.com,1461016,797,373,424,1.1367292225201073,597,-60,-597,54,597,-60,-597,54,597,-60,-2650,54,-1085,54,-1352,-1352,54,54,-60,54,597,-60,-597,597,-60,-1625,54,597,-60,-597,597,-60,-597,597,-60,-4131,54,-1352,54,294
amazon.com,154936,146,64,82,1.28125,590,-60,-590,54,-590,54,590,-60,-590,54,590,-60,-597,54,-1428,-1428,54,54,-2750,54,-844,54,590,-60,590,-60,-590,54,-590,590,-60,-1514,54,-158,54,590,-60,-590,54,590
amazon.com,15430,147,80,67,0.8375,590,-54,-590,60,590,-54,-590,60,3674,-54,1428,-54,1272,-54,-590,60,590,-590,60,1104,-54,-590,60,590,-54,-590,60,590,-54,-590,60,2802,-54,926,-54,1428,-54,1294,-54,-590
amazon.com,160488,148,59,89,1.5084745762711864,590,-60,-590,54,590,-60,-590,590,-60,-2802,-2300,54,-1294,590,-60,-597,54,-590,590,-60,-1618,54,590,-60,-590,590,-60,-590,590,-60,-1428,-2300,54,-1428,-1294,54,590,-60,-590,590
amazon.com,145292,170,75,95,1.2666666666666666,590,-60,-590,54,590,-60,-590,54,590,-60,-1428,-1428,54,54,-1514,54,-840,54,-1272,54,590,-60,-590,590,-60,-590,54,-1104,54,590,-60,-590,54,590,-60,-590,54,590,-60,-2802
amazon.com,127762,141,64,77,1.203125,597,-60,-597,54,597,-60,597,-60,-597,54,597,-60,-597,54,597,-60,-597,597,-60,590,-60,-597,-1352,54,-3948,54,-60,54,-1111,54,597,-60,-597,54,597,-60,-597,54,-1111,54
amazon.com,125465,123,55,68,1.2363636363636363,597,-60,590,-60,-597,597,-60,-597,597,-60,-2650,-1085,54,-2650,54,-60,597,-60,-597,597,-60,-1625,54,-590,54,597,-60,-597,597,-60,-597,597,-60,-2650,54,-1085,54,-1111,54,-1352
amazon.com,125320,125,51,74,1.4509803921568627,597,-60,-597,597,-60,-590,54,-597,597,-60,-1352,-1352,54,-1085,54,-2650,54,-60,54,597,-60,-597,54,597,-60,-590,54,-1625,54,597,-60,-597,54,597,-60,590,-60,-597,597,-60
amazon.com,7307,45,20,25,1.25,597,-597,60,597,-597,60,1352,1352,-54,1085,-54,2650,-54,60,-54,-597,60,597,-54,-597,60,597,-54,1111,-54,-590,-54,-597,60,-590,-60,597,-54,-597,60,-597,60,597,-54,-590
amazon.com,15893,146,78,68,0.8717948717948718,597,-597,60,597,-597,60,2650,1085,-54,1352,1352,-54,60,-597,60,597,-597,60,1625,-54,-590,-60,-597,60,597,-597,60,597,-597,60,2650,2383,-54,841,-597,60,597,-597,60,2650
amazon.com,167949,153,67,86,1.2835820895522387,597,-60,-597,597,-60,-597,597,-60,-1352,-1352,54,-1085,54,-1514,54,-1190,54,-60,54,597,-60,-597,54,597,-60,-1111,54,-590,54,-590,54,597,-60,-597,54,597,-60,-597,597,-60
amazon.com,14539,132,71,61,0.8591549295774648,590,-54,-590,60,590,-590,60,2802,-54,926,1428,-54,1272,-590,60,590,-590,60,590,-590,60,1104,-54,-590,60,590,-54,-590,60,590,-54,-590,60,2802,926,-54,-54,1428,-54,1294
amazon.com,16838,156,83,73,0.8795180722891566,590,-54,-590,60,590,-54,-590,60,1618,-54,1428,-54,1428,-54,1428,-54,602,-54,-590,60,590,-590,60,1618,-54,-590,-54,-590,60,590,-590,60,590,-590,60,1428,1428,926,-54,1428
amazon.com,0,29,0,0,0.0,0,0,0,0,0,0,0,0,0,0,0,0,0,0,0,0,0,0,0,0,0,0,0,0,0,0,0,0,0,0,0,0,0,0,0,0,0,0,0,0
amazon.com,157860,151,63,88,1.3968253968253967,590,-60,-590,54,590,-60,-590,54,590,-60,-2802,54,-926,54,-1428,54,-1272,54,590,-60,-590,590,-60,-1428,-244,54,590,-60,597,-60,-590,590,-60,-590,590,-60,-1428,-1428,54,-926
amazon.com,154982,157,65,92,1.4153846153846155,590,-60,-590,54,590,-60,-590,54,590,-60,-2802,-926,54,54,-1428,54,-1272,54,590,-60,-590,590,-60,-1618,54,597,-60,590,-60,-590,590,-60,-590,590,-60,-2802,-926,54,-1428,-1294
amazon.com,160568,161,70,91,1.3,590,-60,-590,54,590,-60,-590,54,590,-60,-597,54,-3674,54,590,-60,-1428,54,-1272,54,590,-60,-590,54,590,-60,-1618,54,590,-60,-590,54,590,-60,-590,590,-60,-2802,54,-926
amazon.com,14187,147,83,64,0.7710843373493976,590,-54,-590,60,590,-54,-590,60,2802,-54,926,-54,1428,-54,1272,-54,-590,60,-590,60,590,-590,60,1618,-54,-597,-54,-590,60,590,-590,60,590,-590,60,2802,926,-54,1428,1294
amazon.com,155110,105,45,60,1.3333333333333333,590,-60,-590,54,590,-60,-590,54,590,-60,-3674,-1428,54,54,-1272,54,590,-60,-590,590,-60,-590,54,-1104,54,590,-60,-590,54,590,-60,-590,54,590,-60,-3674,54,-1428,54,-1272
amazon.com,148676,119,54,65,1.2037037037037037,590,-60,-590,54,590,-60,-590,54,590,-60,-3674,54,-1428,54,-1272,54,590,-60,-590,590,-60,-1428,-244,54,590,-60,-590,590,-60,-590,590,-60,-3674,54,-1428,54,-1272,54,590,-60
amazon.com,158382,136,54,82,1.5185185185185186,590,-60,-590,54,590,-60,-590,54,590,-60,-3674,-1428,54,54,-1272,54,590,-60,-590,590,-60,-1618,54,590,-60,-590,590,-60,-590,54,590,-60,-1428,54,-2300,54,-1428,54,-1272,54
amazon.com,157132,163,67,96,1.4328358208955223,590,-60,-590,54,590,-60,-590,54,590,-60,-1428,-1428,54,54,-926,54,-1428,54,-1272,54,590,-60,-590,590,-60,-590,54,-1104,54,590,-60,-590,54,590,-60,-590,54,590,-60,-3674
amazon.com,148606,151,63,88,1.3968253968253967,590,-60,-590,54,590,-60,-590,54,590,-60,-5498,54,-844,54,590,-60,-590,590,-60,-590,54,-1104,54,590,-60,-590,54,590,-60,-590,54,590,-60,-1428,-1428,54,54,-1376,54,-1428
amazon.com,149583,149,65,84,1.2923076923076924,590,-60,-590,54,590,-60,-590,54,590,-60,-1428,-1428,54,-1376,-1428,54,-1336,590,-60,-590,590,-60,-590,54,-1104,54,590,-60,-590,54,590,-60,-590,54,590,-60,-2802,54,-926,54
amazon.com,16152,188,108,80,0.7407407407407407,590,-54,-590,60,590,-590,60,1428,1428,926,-54,-54,1428,-54,1272,-54,-590,60,590,-54,-590,60,1104,-54,-590,60,590,-54,-590,60,590,-590,60,1428,1428,-54,926,-54,1104,-54
amazon.com,143390,152,63,89,1.4126984126984128,590,-60,-590,590,-60,-590,590,-60,-1428,-1428,54,-926,54,-1428,54,-1272,54,590,-60,-590,54,590,-60,-590,54,-1104,54,590,-60,-590,54,-590,54,590,-60,-590,590,-60,-2802,54
amazon.com,156049,155,63,92,1.4603174603174602,590,-60,-590,54,590,-60,-590,54,590,-60,-2802,54,-926,54,590,-60,-1428,54,-1272,54,590,-60,-590,590,-60,-590,54,-1104,54,590,-60,-590,54,590,-60,-590,54,590,-60,-1428
amazon.com,15990,166,89,77,0.8651685393258427,590,-54,-590,60,590,-54,-597,-60,-590,60,1428,-54,244,-54,2802,-54,1428,-54,602,-54,-590,60,590,-590,60,590,-54,1104,-54,-597,-54,-590,60,590,-54,-590,60,590,-54,-590
amazon.com,14621,142,80,62,0.775,590,-54,-590,60,590,-590,60,1428,1428,-54,926,1428,-54,1272,-590,60,590,-590,60,1618,-54,-590,60,-597,-60,-590,60,590,-590,60,590,-590,60,2802,926,-54,1428,-54,758,-54
amazon.com,149605,142,53,89,1.679245283018868,590,-60,-590,54,590,-60,-590,54,590,-60,-1428,54,-244,54,-1428,-1428,54,54,-1428,54,-602,54,590,-60,-590,590,-60,-1428,-244,54,597,-60,590,-60,-590,590,-60,-590,590,-60
amazon.com,154461,179,86,93,1.0813953488372092,597,-60,-597,54,597,-60,-597,54,597,-60,-1352,-1352,54,54,-1085,54,-1352,-1352,54,54,-60,54,597,-60,-597,597,-60,-597,54,-1111,54,597,-60,597,-60,-597,54,597,-60,-597
amazon.com,192072,180,85,95,1.1176470588235294,597,-60,-597,597,-60,-597,597,-60,-1352,-1352,-571,54,54,-2650,54,-571,54,597,-60,590,-60,-597,54,597,-60,-597,54,-1111,54,597,-60,-597,54,597,-60,-597,597,-60,-1352,-1352
amazon.com,18146,178,86,92,1.069767441860465,590,-590,60,590,-590,60,1428,1428,1376,-54,1428,-54,844,-590,60,590,-590,60,-590,-60,1104,-54,-597,-60,-590,60,590,-54,-590,60,590,-54,-590,60,1428,-54,1428,-54,926,-54
amazon.com,158718,154,70,84,1.2,590,-60,-590,54,590,-60,-590,590,-60,-1428,-244,54,-1428,-1428,54,-1428,54,-1116,54,590,-60,-590,54,590,-60,-590,54,-1104,54,-597,54,590,-60,-590,54,590,-60,-590,590,-60
amazon.com,159126,154,69,85,1.2318840579710144,590,-60,-590,54,590,-60,-590,54,590,-60,-2802,54,-926,54,-1428,54,-1272,54,590,-60,-590,590,-60,-1428,-244,54,-590,54,590,-60,-590,590,-60,-590,590,-60,-1428,-1428,54,-926
amazon.com,16471,167,91,76,0.8351648351648352,590,-590,60,590,-590,60,1428,1428,-54,926,1428,-54,1272,-590,60,590,-590,60,-597,-54,1428,244,-54,-590,60,590,-590,60,590,-590,60,1428,1428,-54,926,1428,-54,1272,-590,60
amazon.com,168161,193,76,117,1.5394736842105263,590,-60,-590,54,590,-60,-590,54,590,-60,-1428,-1428,54,54,-926,54,-1428,54,-1272,54,590,-60,-590,590,-60,-590,590,-60,-590,54,597,-60,590,-60,-590,54,590,-60,-590,54
amazon.com,14619,159,96,63,0.65625,590,-54,-590,60,590,-54,-590,60,1428,1428,-54,-54,926,-54,1428,-54,1272,-54,-590,60,590,-590,60,1428,244,-54,-597,-54,-590,60,590,-54,-590,60,590,-54,-590,60,2802,926
amazon.com,155602,174,82,92,1.1219512195121952,590,-60,-590,54,590,-60,93,78,-60,-60,-60,54,-590,54,590,-60,54,-60,-3674,54,-1428,54,-1272,54,590,-60,-590,590,-60,-590,54,-1104,54,93,-60,-93,54,-597,54,590
amazon.com,243739,186,83,103,1.2409638554216869,590,-60,-590,54,590,-60,93,-60,78,54,-60,-60,-60,54,-590,54,590,-60,-1428,54,-244,54,-1428,54,-1428,54,-926,54,-1104,54,590,-60,-590,590,-60,-590,54,-1104,54,-597
facebook.com,0,0,0,0,0.0,0,0,0,0,0,0,0,0,0,0,0,0,0,0,0,0,0,0,0,0,0,0,0,0,0,0,0,0,0,0,0,0,0,0,0,0,0,0,0,0
facebook.com,45013,102,46,56,1.2173913043478262,597,-60,-597,54,597,-60,-597,54,597,-60,-1352,54,-1352,-1085,54,54,597,-60,-597,597,-60,-590,54,-1625,54,54,-60,597,-60,-597,597,-60,-597,597,-60,-1352,-1352,54,-1085,597
facebook.com,49692,106,51,55,1.0784313725490196,597,-60,-590,54,-597,54,597,-60,-597,54,597,-60,-3681,54,597,-60,-597,597,-60,-1111,54,597,-60,-597,54,597,-60,-597,54,597,-60,-2650,-1085,54,54,597,-60,597,-60,590
facebook.com,12016,87,44,43,0.9772727272727273,590,-54,-590,60,590,-54,-590,60,2802,-54,926,-54,-590,60,590,-590,60,1104,-597,-54,-54,-590,60,590,-54,-590,60,590,-54,-590,60,2802,926,-54,-54,-590,60,590,-590,60
facebook.com,47555,110,53,57,1.0754716981132075,590,-60,-590,54,590,-60,-590,54,590,-60,-1428,54,-1428,54,-926,54,590,-60,-590,590,-60,-1104,54,590,-60,-590,54,590,-60,-590,54,-590,54,590,-60,-2802,54,-926,54,590
facebook.com,44301,83,36,47,1.3055555555555556,590,-60,-590,590,-60,-590,590,-60,-2802,54,-926,590,-60,-590,590,-60,-590,54,-1104,54,-590,54,590,-60,-590,54,590,-60,-590,54,590,-60,-2802,54,-926,54,590,-60,-590,590
facebook.com,43793,84,38,46,1.2105263157894737,590,-60,-590,54,590,-60,-590,54,590,-60,-1428,-1428,54,54,-926,54,590,-60,-590,590,-60,-590,54,-1104,54,597,-60,590,-60,-590,54,590,-60,-590,54,590,-60,-2802,54,-412
facebook.com,45196,100,47,53,1.127659574468085,590,-60,-590,54,590,-60,-590,54,590,-60,-590,54,-1428,54,-1428,54,-926,54,590,-60,-590,590,-60,-590,54,-1104,54,590,-60,-590,54,590,-60,-590,54,590,-60,-1428,54,-1428
facebook.com,48869,94,40,54,1.35,590,-60,-590,54,590,-60,-590,54,590,-60,-1428,-1428,54,54,-926,54,590,-60,-590,590,-60,-1618,54,-590,54,590,-60,590,-60,-590,1104,-60,-2802,-412,54,-590,590,-60,-590,590
facebook.com,13762,87,43,44,1.0232558139534884,597,-597,60,597,-597,60,1352,1352,-54,1085,-597,60,597,-597,60,1111,-54,-590,-60,-597,60,597,-54,-597,60,597,-54,-597,60,2650,-54,1085,-54,-597,60,597,-597,60,597,-597
facebook.com,45613,91,43,48,1.1162790697674418,597,-60,-597,54,597,-60,-597,54,597,-60,-1352,54,-2383,54,597,-60,-597,597,-60,-597,54,-1111,54,597,-60,-590,54,-597,54,597,-60,-597,54,597,-60,-1352,54,-1352,54,-1085
facebook.com,42715,81,37,44,1.1891891891891893,597,-60,-597,54,597,-60,-597,54,597,-60,-3681,54,597,-60,-597,597,-60,-1111,54,597,-60,-597,54,597,-60,-597,54,597,-60,-2650,54,-1085,54,597,-60,-597,597,-60,-1625,54
facebook.com,43004,91,42,49,1.1666666666666667,597,-60,-597,54,597,-60,-597,54,597,-60,-2650,54,-1085,597,-60,-597,597,-60,-597,54,-1111,54,590,-60,597,-60,-597,54,597,-60,-590,54,-597,54,597,-60,-1352,54,-1352,54
facebook.com,43915,95,42,53,1.2619047619047619,597,-60,-597,54,597,-60,-597,54,597,-60,-1352,54,-2383,54,597,-60,-597,597,-60,-1352,-327,54,597,-60,-597,597,-60,-590,54,-597,597,-60,-2650,-1085,54,597,-60,-590,54,-597
facebook.com,44128,90,40,50,1.25,597,-60,-597,597,-60,-597,597,-60,-1352,-1352,54,-1085,597,-60,-590,54,-597,597,-60,-597,54,-1111,54,597,-60,-590,54,-597,54,597,-60,-597,54,597,-60,-590,54,-1352,-1352,54
facebook.com,47805,95,43,52,1.2093023255813953,590,-60,-590,54,590,-60,-590,54,590,-60,-1618,54,-1428,54,-758,54,590,-60,-590,590,-60,-1618,54,590,-60,-590,590,-60,-590,-590,54,590,-60,-3674,54,590,-60,-590,590,-60
facebook.com,44409,82,34,48,1.411764705882353,590,-60,-590,590,-60,-590,590,-60,-1618,-1428,54,-758,590,-60,-590,590,-60,-1104,54,590,-60,-590,54,590,-60,-597,54,-590,54,590,-60,-1428,-1428,-926,54,54,54,590,-60,-590
facebook.com,1020,34,17,17,1.0,597,-60,590,-60,597,-60,597,-60,597,-60,597,-60,590,-60,590,-60,590,-60,590,-60,590,-60,597,590,-60,-60,597,-60,597,-60,590,-60,597,-60,0,0,0,0,0,0
facebook.com,55852,178,79,99,1.2531645569620253,590,-60,590,-60,590,-60,597,-60,597,-60,590,-60,597,-60,-590,54,-2802,54,-2802,54,-1428,54,-1428,54,-2296,54,590,-60,-1428,54,-1428,54,-2802,54,1514,158,-60,-60,-1428,54
facebook.com,12280,93,45,48,1.0666666666666667,590,-54,-590,60,590,-54,-590,60,1428,-54,1428,-54,926,-54,-590,60,590,-590,60,590,-54,1104,-54,-597,-54,-590,60,590,-54,-590,60,590,-54,-590,60,1428,1428,-54,-54,926
facebook.com,44102,93,41,52,1.2682926829268293,590,-60,-590,54,590,-60,-590,54,590,-60,-1428,54,-1428,54,-926,54,590,-60,-590,590,-60,-1618,54,590,-60,-590,590,-60,-590,590,-60,-1428,-1428,-926,54,590,-60,-590,590,-60
facebook.com,42480,77,34,43,1.2647058823529411,590,-60,-590,54,590,-60,-590,54,590,-60,-2802,-926,54,54,590,-60,-590,590,-60,-1104,54,590,-60,-590,54,590,-60,-590,54,590,-60,-3674,54,590,-60,-590,590,-60,-1428,-244
facebook.com,43828,83,35,48,1.3714285714285714,590,-60,-590,54,590,-60,590,-60,-590,54,590,-60,-3674,54,590,-60,-590,590,-60,-1618,54,590,-60,-590,590,-60,-590,590,-60,-1428,-1428,54,-926,590,-60,-590,590,-60,-590,54
facebook.com,10574,81,44,37,0.8409090909090909,60,590,-54,-590,60,590,-54,-590,60,2802,-54,926,-54,-590,60,590,-54,-590,60,1428,244,-54,-590,60,590,-590,60,590,-590,60,3674,-54,-590,60,590,-590,60,1618,-54,-590
facebook.com,43022,78,35,43,1.2285714285714286,590,-60,-590,590,-60,-590,590,-60,-2802,-926,54,590,-60,-590,590,-60,-590,54,-1104,54,590,-60,-590,54,590,-60,-590,54,590,-60,-3674,54,590,-60,590,-60,-590,590,-60,-590
facebook.com,42620,76,30,46,1.5333333333333334,590,-60,-590,54,590,-60,-590,54,590,-60,-2802,-926,54,54,590,-60,-590,590,-60,-1428,-244,54,590,-60,-590,590,-60,-590,590,-60,-2802,-926,54,590,-60,-590,590,-60,-1428,-244
facebook.com,44396,91,42,49,1.1666666666666667,590,-60,-590,590,-60,-590,590,-60,-1428,-1428,-926,54,590,-60,-590,590,-60,-1428,-244,54,590,-60,590,-60,-590,590,-60,-590,54,590,-60,-3674,54,590,-60,-590,54,590,-60,-590
facebook.com,43515,93,41,52,1.2682926829268293,590,-60,-590,54,590,-60,-590,54,590,-60,-1428,-2300,54,590,-60,590,-60,-590,590,-60,-1104,54,590,-60,-590,54,590,-60,-590,54,590,-60,-2802,-926,54,54,590,-60,-590,590
facebook.com,46149,126,61,65,1.0655737704918034,590,-60,-590,54,590,-60,-597,54,-590,54,590,-60,-2802,-412,54,54,-590,54,590,-60,-590,590,-60,597,-60,-597,54,597,-60,-1104,54,-597,54,597,-60,-597,54,590,-60,-590
facebook.com,43436,93,43,50,1.1627906976744187,590,-60,-590,590,-60,-590,590,-60,-1428,-1428,54,-926,590,-60,-590,590,-60,-1104,54,597,-60,590,-60,-590,54,590,-60,-590,54,590,-60,-3674,54,590,-60,-590,590,-60,-590,54
facebook.com,43407,86,36,50,1.3888888888888888,590,-60,-590,54,590,-60,-590,54,590,-60,-2802,54,-926,54,590,-60,-590,590,-60,-1428,-244,54,-597,54,590,-60,-590,590,-60,-590,590,-60,-1428,-1428,54,-926,590,-60,-590,590
facebook.com,44130,95,43,52,1.2093023255813953,590,-60,-590,54,590,-60,-590,54,590,-60,-3674,54,590,-60,-590,590,-60,-590,54,-1104,54,-597,54,590,-60,-590,54,590,-60,-590,54,590,-60,-1428,-1428,54,54,-926,54,590
facebook.com,44170,88,34,54,1.588235294117647,590,-60,-590,590,-60,-590,590,-60,-2802,54,-926,590,-60,-590,590,-60,597,-60,-1428,-244,54,590,-60,-590,590,-60,-590,590,-60,-3674,54,590,-60,-590,590,-60,-1428,-244,54,597
facebook.com,43518,86,37,49,1.3243243243243243,597,-60,-597,54,597,-60,-597,54,597,-60,-2650,54,-1085,54,597,-60,-597,597,-60,590,-60,590,-60,-1352,-327,54,597,-60,597,-60,-597,597,-60,-597,597,-60,-1352,-1352,54,-1085
facebook.com,44721,93,42,51,1.2142857142857142,597,-60,-597,54,597,-60,-590,54,-597,54,597,-60,-1352,54,-1352,54,-1085,54,597,-60,-597,597,-60,-1625,54,597,-60,-597,597,-60,-597,597,-60,-2650,54,-1085,597,-60,-597,597
facebook.com,43133,100,49,51,1.0408163265306123,597,-60,-597,54,597,-60,-597,54,597,-60,-1352,-1352,54,54,-1085,54,597,-60,-597,597,-60,-1111,54,-590,54,597,-60,-597,54,597,-60,-597,54,597,-60,-1352,-1352,-1085,54,54
facebook.com,44178,95,43,52,1.2093023255813953,597,-60,-597,54,597,-60,-597,54,597,-60,-1352,54,-2383,54,597,-60,590,-60,-597,597,-60,-597,54,-1111,54,590,-60,597,-60,-597,54,597,-60,-597,54,597,-60,-2650,54,-1085
facebook.com,44092,109,51,58,1.1372549019607843,590,-60,-590,54,590,-60,-590,54,590,-60,-2802,54,-926,590,-60,-590,590,-60,-1104,54,590,-60,590,-60,590,-60,-590,54,590,-60,-590,54,590,-60,-2802,54,-926,54,590,-60
facebook.com,45320,96,41,55,1.3414634146341464,590,-60,-590,54,590,-60,-590,54,590,-60,-2802,-926,54,590,-60,-590,590,-60,-590,590,-60,-590,54,-590,54,590,-60,-590,54,590,-60,-590,54,590,-60,-1428,54,-1428,54,-926
facebook.com,42927,93,43,50,1.1627906976744187,590,-60,-590,54,590,-60,-590,54,590,-60,-2802,54,-926,590,-60,-590,590,-60,-1104,54,590,-60,590,-60,-590,54,590,-60,-590,54,590,-60,-1428,-1428,54,54,-926,54,590,-60
facebook.com,44551,109,49,60,1.2244897959183674,590,-60,-590,54,590,-60,-590,54,590,-60,-1428,-1428,54,54,-926,54,590,-60,-590,590,-60,-590,54,-1428,54,-244,54,590,-60,-590,54,590,-60,597,-60,-590,54,590,-60,-590
facebook.com,130339,311,148,163,1.1013513513513513,590,-60,54,-60,54,-60,-590,590,-60,-590,590,-60,-1428,-1428,54,-926,590,-60,-590,590,-60,-590,54,-1104,54,54,-60,93,93,-60,-60,-93,-93,54,54,54,-60,93,-60,-93
facebook.com,51755,157,73,84,1.1506849315068493,590,-60,236,-60,100,-60,-100,54,-473,93,-60,-590,54,590,-60,-590,54,590,-60,-2802,54,-926,54,590,-60,-590,590,-60,54,-60,-590,54,-60,54,-1104,54,54,54,54,-60
facebook.com,47536,141,69,72,1.0434782608695652,590,-60,-590,54,590,-60,-590,54,590,-60,-2802,-926,54,590,-60,-590,590,-60,-590,54,-1104,54,-410,54,93,-60,78,54,-60,-60,-60,54,597,-60,-597,54,110,149,-60,-60
facebook.com,27794,163,49,114,2.326530612244898,590,-54,-590,60,590,-54,-590,60,1428,-54,2300,-147,-54,-54,-120,-85,-54,-54,-590,60,-93,-54,-590,60,-93,-60,-78,-54,-60,-60,-60,-54,-231,-60,-379,-54,-93,-60,-468,-60
linkedin.com,41919,82,40,42,1.05,590,-60,-590,54,590,-60,-590,54,590,-60,-1428,54,-1428,54,-926,54,-1428,54,-244,54,590,-60,-590,590,-60,-1104,54,590,-60,590,-60,597,-60,-590,54,590,-60,-590,54,590
linkedin.com,42617,81,36,45,1.25,590,-60,-590,54,590,-60,-590,54,590,-60,-1428,-1428,54,-926,-1428,54,-244,590,-60,590,-60,-590,590,-60,-1104,54,597,-60,590,-60,-590,54,590,-60,-590,54,590,-60,-2802,54
linkedin.com,41161,70,32,38,1.1875,590,-60,-590,54,590,-60,-590,54,590,-60,-2802,-1376,54,54,-1168,54,590,-60,-590,590,-60,-1104,54,590,-60,-590,54,590,-60,597,-60,-590,54,590,-60,-2802,-926,54,54,-1428
linkedin.com,43472,100,49,51,1.0408163265306123,590,-60,-590,54,590,-60,-590,54,590,-60,-2802,54,-926,54,590,-60,-1428,54,-244,54,590,-60,-590,54,590,-60,-1104,54,590,-60,590,-60,-590,54,590,-60,-590,590,-60,-1428
linkedin.com,44037,78,36,42,1.1666666666666667,590,-60,-590,54,590,-60,-590,54,590,-60,-3674,54,-1428,54,-244,54,590,-60,-590,590,-60,-597,54,-1104,54,590,-60,-590,54,590,-60,-597,54,-590,54,590,-60,-2802,-926,54
linkedin.com,44136,83,39,44,1.1282051282051282,590,-60,597,-60,-590,54,590,-60,-590,54,-590,54,590,-60,-1428,-1428,54,54,-926,54,-1428,54,-244,54,590,-60,-590,590,-60,-1104,54,590,-60,-590,54,590,-60,-590,54,590
linkedin.com,40234,89,43,46,1.069767441860465,597,-60,590,-60,-597,54,597,-60,-597,54,597,-60,-2650,54,-2383,54,-327,54,597,-60,-590,-597,54,597,-60,-1111,54,590,-60,597,-60,-597,54,597,-60,-597,54,597,-60,-1352
linkedin.com,39101,87,42,45,1.0714285714285714,597,-60,-597,54,597,-60,-597,54,597,-60,-1352,-1352,54,-1085,54,-1352,54,-327,54,597,-60,-597,54,597,-60,-1111,54,590,-60,590,-60,597,-60,-597,54,597,-60,-597,597,-60
linkedin.com,38045,85,40,45,1.125,597,-60,-597,597,-60,-590,54,-597,597,-60,-1352,-1352,54,-1085,54,-1352,54,-327,54,597,-60,-597,54,597,-60,-1111,54,597,-60,590,-60,-597,54,597,-60,-597,597,-60,-1352,-1352
linkedin.com,39180,90,43,47,1.0930232558139534,597,-60,590,-60,-597,54,597,-60,-597,54,597,-60,-2650,-1085,54,54,-1352,54,-327,54,597,-60,-590,54,-597,597,-60,-1111,54,597,-60,-597,54,597,-60,-597,54,597,-60,590
linkedin.com,36677,76,36,40,1.1111111111111112,597,-60,590,-60,-597,54,597,-60,-597,54,597,-60,-2650,54,-1085,54,-1352,54,-327,54,597,-60,-597,597,-60,-1111,54,597,-60,-597,54,597,-60,-597,54,597,-60,-1352,-1352,54
linkedin.com,37952,85,42,43,1.0238095238095237,597,-60,-590,54,-597,54,597,-60,-597,54,597,-60,-1352,54,-1352,-1085,54,54,-1352,54,-327,54,597,-60,-597,597,-60,-1111,54,597,-60,597,-60,-597,54,597,-60,-597,54,597
linkedin.com,44423,93,44,49,1.1136363636363635,590,-60,-590,54,590,-60,-590,590,-60,-1428,-1428,54,-926,-1428,54,-244,590,-60,-590,590,-60,-1104,54,590,-60,-590,54,590,-60,-590,54,590,-60,-2802,54,-926,54,590,-60,-1428
linkedin.com,43157,83,37,46,1.2432432432432432,590,-60,-590,54,590,-60,-590,54,590,-60,-1428,54,-1428,54,-926,54,-1428,54,-244,54,590,-60,-590,590,-60,590,-60,-1104,54,590,-60,-590,54,590,-60,-590,54,590,-60,-2802
linkedin.com,38195,76,35,41,1.1714285714285715,590,-60,-590,590,-60,-590,590,-60,-2802,-926,54,-1428,54,-244,54,590,-60,-590,54,590,-60,-1104,54,597,-60,590,-60,-590,54,590,-60,-590,590,-60,-1428,-1428,-926,54,-1428,54
linkedin.com,38811,73,31,42,1.3548387096774193,590,-60,-590,590,-60,-590,590,-60,-1428,-1428,-926,54,-1428,54,-244,54,590,-60,-590,54,590,-60,-1104,54,590,-60,-590,54,590,-60,-590,590,-60,-1428,-1428,54,-926,-1428,54,-244
linkedin.com,44387,93,39,54,1.3846153846153846,590,-60,-590,590,-60,-590,590,-60,-1428,-1428,54,-926,-1428,54,-244,590,-60,-590,590,-60,-1104,54,590,-60,-590,54,590,-60,-590,54,590,-60,-590,54,590,-60,-590,54,590,-60
linkedin.com,42112,89,43,46,1.069767441860465,590,-60,-590,54,590,-60,-590,54,590,-60,-2802,54,-926,54,-1428,54,-244,54,590,-60,-590,590,-60,-1104,54,590,-60,-590,54,590,-60,-590,54,590,-60,-2802,-926,54,54,-1428
linkedin.com,46184,82,37,45,1.2162162162162162,590,-60,-590,54,590,-60,-590,54,590,-60,-590,54,-1428,-1428,54,54,-926,54,-1428,54,-244,54,590,-60,-590,54,590,-60,-1104,54,590,-60,-590,54,590,-60,-590,54,590,-60
linkedin.com,44506,79,35,44,1.2571428571428571,590,-60,-590,54,590,-60,-590,54,590,-60,-2802,54,-926,54,-1428,54,-244,54,590,-60,-590,590,-60,-1104,54,590,-60,-590,54,590,-60,-590,54,590,-60,-2802,54,-926,54,-1428
linkedin.com,8160,69,37,32,0.8648648648648649,590,-590,60,590,-590,60,2802,1376,-54,1168,-590,60,-590,60,590,-590,60,1104,-54,-590,60,590,-54,-590,60,590,-54,-590,60,4124,-54,1168,-54,-590,60,590,-54,-590,60,1428
linkedin.com,7998,69,40,29,0.725,590,-54,-590,60,590,-54,-590,60,1428,1428,-54,1376,-54,1168,-54,-590,60,590,-54,-590,60,1104,-54,-590,60,590,-54,-590,60,590,-590,60,1428,1428,-54,926,1428,-54,244,-590
linkedin.com,46200,83,37,46,1.2432432432432432,590,-60,-590,590,-60,-590,590,-60,-1428,-1428,54,-926,-1428,54,-244,590,-60,-590,54,590,-60,-1104,54,590,-60,-590,54,590,-60,-590,54,590,-60,-1428,54,-1428,54,-926,54,-1428
linkedin.com,38274,77,35,42,1.2,590,-60,-590,54,590,-60,-590,54,590,-60,-1428,-1428,54,54,-926,54,-1428,54,-244,54,590,-60,-590,590,-60,-1104,54,590,-60,-590,54,590,-60,-590,54,590,-60,-1428,-1428,-926
linkedin.com,42794,96,47,49,1.0425531914893618,590,-60,-590,54,590,-60,-590,54,590,-60,-1428,-1428,54,54,-926,54,-1428,54,-244,54,590,-60,-590,590,-60,-1104,54,590,-60,-590,54,590,-60,-590,54,590,-60,-1428,54,-1428
linkedin.com,9472,91,45,46,1.0222222222222221,590,-54,-590,60,590,-54,-590,60,2802,-54,926,-54,1428,-54,244,-54,-590,60,590,-54,-590,60,1104,-54,-590,60,590,-54,-590,60,590,-590,60,1428,1428,-54,926,-54,1428,-54
linkedin.com,43348,92,43,49,1.1395348837209303,590,-60,-590,54,590,-60,-590,54,590,-60,-1428,-2750,54,54,-1168,54,590,-60,-590,590,-60,-1104,54,-597,54,590,-60,-590,54,590,-60,-590,54,590,-60,-2802,54,-926,54,-1428
linkedin.com,8925,77,41,36,0.8780487804878049,590,-54,-590,60,590,-54,-590,60,1428,2300,-54,1428,-54,244,-54,-590,60,590,-54,-590,60,1104,-54,-590,60,-590,60,590,-590,60,590,-590,60,2802,926,-54,1428,-54,244,-590
linkedin.com,9522,80,43,37,0.8604651162790697,590,-54,-590,60,590,-590,60,1428,1428,-54,926,1428,-54,244,-590,60,590,-54,-590,60,1104,-54,-597,-60,-590,60,590,-54,-590,60,590,-54,-590,60,1428,-54,1428,-54,926,-54
linkedin.com,42047,87,42,45,1.0714285714285714,590,-60,-590,54,590,-60,-590,54,590,-60,-1428,54,-1428,54,-926,54,-1428,54,-244,54,590,-60,-590,590,-60,-597,54,-1104,54,590,-60,-590,54,590,-60,-590,54,590,-60,-2802
linkedin.com,8832,77,44,33,0.75,60,597,-597,60,597,-597,60,1352,1352,-54,1085,-54,1352,-54,327,-54,-597,60,597,-54,-597,60,1111,-54,-590,-60,-597,60,597,-54,-597,60,597,-597,60,1352,1352,-54,1085,1352
linkedin.com,38591,86,40,46,1.15,597,-60,-597,54,597,-60,-597,54,597,-60,-3681,54,-1352,54,-327,54,597,-60,-597,597,-60,-1111,54,590,-60,597,-60,-597,54,597,-60,-597,54,597,-60,-1352,54,-1352,54,-1085
linkedin.com,39597,87,41,46,1.1219512195121952,590,-60,-590,54,590,-60,-590,54,590,-60,-1428,-244,54,54,-2802,54,-926,54,590,-60,-590,590,-60,597,-60,-1104,54,-590,54,590,-60,-590,54,590,-60,-590,54,590,-60,-1428
linkedin.com,38205,80,39,41,1.0512820512820513,590,-60,-590,54,590,-60,-590,54,590,-60,-1428,-1428,-412,54,54,-1428,54,-758,54,590,-60,-590,54,590,-60,-1104,54,590,-60,-590,54,590,-60,-590,590,-60,-2802,54,-1376,54
linkedin.com,11317,80,40,40,1.0,590,-590,60,590,-590,60,1428,1428,-54,926,1428,-54,244,-590,60,590,-590,60,1104,-54,-590,60,-597,-60,590,-54,-590,60,590,-54,-590,60,2802,-54,926,-54,1428,-54,-590,-60
linkedin.com,41081,99,45,54,1.2,590,-60,-590,54,590,-60,-590,54,590,-60,-2802,54,-926,54,-1428,54,590,-60,-244,590,-60,-590,590,-60,-590,590,-60,-590,590,-60,-1104,54,-590,54,590,-60,590,-60,-590,54
linkedin.com,46368,90,41,49,1.1951219512195121,590,-60,-590,54,590,-60,-590,54,590,-60,-1428,-1428,54,54,-926,54,-1428,54,-244,54,590,-60,-590,590,-60,-1104,54,597,-60,590,-60,-590,54,590,-60,-590,54,590,-60,-1428
linkedin.com,39471,85,40,45,1.125,590,-60,-590,54,590,-60,-590,54,590,-60,-1428,54,-1428,54,-926,54,-1428,54,-244,54,590,-60,590,-60,-590,590,-60,-1104,54,590,-60,-590,54,590,-60,-590,54,590,-60,-1428
linkedin.com,47241,82,36,46,1.2777777777777777,590,-60,-590,54,590,-60,597,-60,-590,54,590,-60,-1428,54,-244,54,-2802,54,-926,54,590,-60,-590,590,-60,-590,54,-1104,54,590,-60,-590,54,590,-60,-590,54,590,-60,-1428
linkedin.com,50188,172,83,89,1.072289156626506,590,-60,-590,54,-590,54,590,-60,-590,54,590,-60,-2802,54,-926,54,-1428,54,-244,54,590,-60,-590,590,-60,-597,54,-1104,54,93,-60,-93,54,590,-60,-590,54,590,-60,-590
live.com,44065,120,57,63,1.105263157894737,597,-60,-597,54,597,-60,-597,54,597,-60,-2650,-1085,54,54,-1111,54,597,-60,-597,54,597,-60,-590,54,-1111,54,597,-60,-78,54,-60,78,54,-60,-60,-597,54,597,-60,-590
live.com,26791,101,49,52,1.0612244897959184,597,-60,-597,54,597,-60,590,-60,-597,54,597,-60,-1352,54,-2383,54,597,-60,-1111,597,-60,-597,597,-60,-1111,54,597,-60,-597,54,597,-60,-590,54,74,590,-60,-60,54,318
live.com,59293,89,41,48,1.170731707317073,590,-60,-590,54,590,-60,-590,54,590,-60,-2802,-926,54,54,-1104,54,590,-60,-590,590,-60,-1104,54,-597,54,590,-60,-590,54,590,-60,-590,54,590,-60,-2802,54,-926,54,-1104
live.com,31225,68,32,36,1.125,590,-60,-590,54,590,-60,-590,54,590,-60,-2802,-926,54,54,-1104,54,590,-60,-590,590,-60,-1104,54,597,-60,590,-60,-590,54,590,-60,-590,54,590,-60,-1428,54,-1428,-926,54
live.com,32535,76,35,41,1.1714285714285715,590,-60,-590,54,590,-60,-590,54,590,-60,-1514,54,-158,54,-1428,-1428,54,54,-412,54,590,-60,-590,590,-60,-1104,54,597,-60,590,-60,590,-60,-590,54,590,-60,-590,54,590
live.com,62422,117,52,65,1.25,590,-60,-590,590,-60,-590,590,-60,-1428,-1428,-926,54,-1104,590,-60,-590,-597,54,54,-590,54,590,-60,-1104,54,-590,54,590,-60,-590,54,590,-60,-590,54,590,-60,-1428,-1428,54
live.com,60334,83,39,44,1.1282051282051282,597,-60,-597,597,-60,-597,597,-60,-590,-2650,54,54,-1085,54,-1111,54,597,-60,-597,54,597,-60,-1111,54,590,-60,597,-60,-597,54,597,-60,-597,597,-60,-2650,54,-1085,54,-1111
live.com,30108,63,30,33,1.1,597,-60,-597,54,597,-60,-597,54,597,-60,-2650,54,-1085,54,-1111,54,597,-60,-597,597,-60,-1111,54,590,-60,-590,54,597,-60,-597,54,597,-60,-597,54,597,-60,-2650,54,-1085
live.com,60521,88,40,48,1.2,597,-60,-597,54,597,-60,-597,54,597,-60,-1352,-1352,54,54,-1085,54,-1111,54,597,-60,-597,597,-60,-1111,54,590,-60,597,-60,-597,54,597,-60,-597,54,597,-60,-1352,54,-1352
live.com,62359,97,45,52,1.1555555555555554,597,-60,-597,54,597,-60,-597,54,597,-60,-1352,-1352,54,-1085,54,-1111,54,597,-60,-590,54,-597,54,-597,54,597,-60,-1111,54,590,-60,597,-60,-597,54,597,-60,-597,597,-60
live.com,30270,67,31,36,1.1612903225806452,597,-60,-597,54,597,-60,-597,54,597,-60,-2650,-1085,54,54,-1111,54,597,-60,-597,597,-60,-1111,54,597,-60,-597,54,597,-60,-597,54,597,-60,-590,54,-2650,54,-1085,54,-1111
live.com,30741,64,29,35,1.206896551724138,597,-60,-597,54,597,-60,-597,54,597,-60,-2650,-1085,54,54,-1111,54,597,-60,-597,597,-60,-1111,54,597,-60,-597,54,597,-60,-597,54,597,-60,-2650,-1085,54,54,-1111,54,597
live.com,33034,74,34,40,1.1764705882352942,590,-60,-590,54,590,-60,-590,54,590,-60,-2802,-926,54,54,-1104,54,590,-60,-590,590,-60,-597,54,-1104,54,590,-60,-590,54,590,-60,-590,54,590,-60,-2802,54,-926,54,-1104
live.com,30470,74,33,41,1.2424242424242424,590,-60,-590,54,590,-60,-590,54,590,-60,-1428,-1428,54,54,-926,54,-1104,54,590,-60,-590,54,590,-60,-1104,54,590,-60,-590,54,590,-60,-590,54,590,-60,-1428,-1428,54,54
live.com,31225,68,32,36,1.125,590,-60,-590,54,590,-60,-590,54,590,-60,-3674,54,-1104,54,590,-60,-590,54,590,-60,-1104,54,-597,54,590,-60,-590,54,590,-60,-590,54,590,-60,-2802,-926,54,54,-1104,54
live.com,61268,98,42,56,1.3333333333333333,590,-60,-590,54,590,-60,-590,54,590,-60,-2802,-926,54,54,590,-60,-1104,54,590,-60,-590,590,-60,-1104,54,590,-60,-590,54,590,-60,-590,54,590,-60,-1428,-1428,-926,54,54
live.com,60728,98,43,55,1.2790697674418605,590,-60,-590,54,590,-60,-597,54,-590,54,590,-60,-1428,-1428,54,54,-1376,54,590,-60,-654,590,-60,-590,590,-60,-1104,54,590,-60,-590,54,590,-60,-590,54,-597,54,590,-60
live.com,8132,64,33,31,0.9393939393939394,590,-54,-590,60,590,-54,-590,60,2802,926,-54,1104,-590,60,590,-54,-590,60,1104,-54,-597,-60,-590,60,590,-54,-590,60,590,-54,-590,60,3674,-54,1104,-54,-590,60,590,-590
live.com,59084,79,34,45,1.3235294117647058,590,-60,-590,54,590,-60,-590,54,590,-60,-2802,-926,54,54,-1104,54,590,-60,-590,590,-60,-1104,54,590,-60,-590,54,590,-60,-590,54,590,-60,-2802,-926,54,54,-1104,54,590
live.com,6818,62,35,27,0.7714285714285715,590,-590,60,590,-590,60,2802,926,-54,1104,-590,60,590,-54,-590,60,1104,-54,590,-54,-590,60,590,-54,-590,60,590,-54,-590,60,1428,-54,1428,-54,926,-54,1104,-54,-590,60
live.com,59560,79,35,44,1.2571428571428571,590,-60,-590,54,590,-60,-590,54,590,-60,-3674,54,-1104,54,590,-60,-590,590,-60,-1104,54,590,-60,-590,54,590,-60,-590,54,590,-60,-1428,54,-1428,-926,54,54,-1104,54,590
live.com,31500,71,30,41,1.3666666666666667,590,-60,-590,54,590,-60,-590,54,590,-60,-1428,-1428,-1376,54,-654,590,-60,590,-60,-590,590,-60,-590,590,-60,-590,590,-60,-1104,54,-590,54,590,-60,-590,54,590,-60,-590,54
live.com,6710,57,32,25,0.78125,590,-54,-590,60,590,-54,-590,60,1428,-54,1428,-54,926,-54,1104,-54,-590,60,590,-590,60,1104,-54,-590,60,590,-54,-590,60,590,-54,-590,60,1428,-54,2300,-54,1104,-54,-590
live.com,60816,89,42,47,1.119047619047619,590,-60,-590,54,590,-60,-590,54,590,-60,-1428,-1428,54,54,-926,54,-1104,54,590,-60,-590,54,590,-60,-1104,54,590,-60,-590,54,590,-60,-590,54,590,-60,-2802,-1376,54,54
live.com,8139,59,28,31,1.1071428571428572,590,-54,-590,60,590,-54,-590,60,-597,-54,1618,-54,3160,-54,-590,60,590,-54,590,-54,-590,60,1104,-54,-590,60,590,-54,-590,60,-597,-60,590,-54,-590,60,3674,-54,1428,244
live.com,9859,83,40,43,1.075,590,-54,-590,60,590,-54,-590,60,1428,-54,1428,-54,926,-54,1104,-54,-590,60,590,-590,60,1104,-54,-597,-60,-590,60,590,-54,-590,60,590,-54,-590,60,2802,-54,926,-54,1104
live.com,31095,66,32,34,1.0625,590,-60,-590,54,590,-60,-590,54,590,-60,-2802,54,-926,54,-1104,54,590,-60,-590,590,-60,-1104,54,590,-60,-590,54,590,-60,-590,54,590,-60,-1428,54,-1428,54,-926,54,-1104
live.com,30733,72,35,37,1.0571428571428572,590,-60,-590,54,590,-60,-590,54,590,-60,-2802,54,-926,54,-1104,54,590,-60,-590,54,590,-60,-1104,54,597,-60,590,-60,-590,54,590,-60,-590,590,-60,-1428,-1428,54,-926,54
live.com,32813,69,33,36,1.0909090909090908,590,-60,-590,54,590,-60,-590,54,590,-60,-1428,-244,54,54,-1428,54,-1428,54,-412,54,590,-60,-590,590,-60,-1104,54,-597,54,590,-60,-590,54,590,-60,-590,54,590,-60,-1428
live.com,60534,91,40,51,1.275,590,-60,-590,54,590,-60,-590,54,590,-60,-2802,-926,54,54,-1104,54,590,-60,-590,590,-60,-1104,54,597,-60,-60,54,-60,590,-60,-590,54,590,-60,-590,54,590,-60,-1428,54
live.com,59805,84,40,44,1.1,597,-60,-597,54,597,-60,-597,54,597,-60,-1352,-1352,54,54,-1085,54,590,-60,-1111,54,597,-60,-597,597,-60,-1111,54,597,-60,-597,54,597,-60,-597,54,597,-60,-2650,54,-1085
live.com,30233,64,29,35,1.206896551724138,597,-60,-597,54,597,-60,-597,597,-60,-1625,54,-2650,54,-571,597,-60,-597,597,-60,-1111,54,590,-60,597,-60,-597,54,597,-60,-597,54,597,-60,-2650,54,-1085,54,-1111,54,597
live.com,31161,67,32,35,1.09375,590,-60,-590,54,590,-60,-590,54,590,-60,-1428,-1428,54,54,-926,54,-1104,54,590,-60,-590,590,-60,-1104,54,590,-60,-590,54,590,-60,-590,54,590,-60,-2802,54,-926,54,-1104
live.com,31519,77,36,41,1.1388888888888888,590,-60,-590,54,590,-60,-590,54,590,-60,-1428,54,-1428,54,-926,54,-1104,54,590,-60,-590,590,-60,-1104,54,-590,54,590,-60,-590,54,590,-60,-590,54,590,-60,-1428,54,-1428
live.com,30802,68,30,38,1.2666666666666666,590,-60,-590,54,590,-60,-590,54,590,-60,-2802,54,-926,54,-1104,54,590,-60,-590,54,590,-60,-1104,54,590,-60,597,-60,590,-60,-590,54,590,-60,-590,590,-60,-1428,-1428,54
live.com,32450,74,35,39,1.1142857142857143,590,-60,-590,54,590,-60,-597,54,-590,54,590,-60,-1428,-1428,-926,54,54,54,-1104,54,590,-60,-590,590,-60,-1104,54,-590,54,590,-60,-590,54,590,-60,-590,54,590,-60,-2802
live.com,61275,86,40,46,1.15,590,-60,-590,590,-60,-590,590,-60,-2802,54,-926,54,-1104,54,590,-60,-590,54,590,-60,-1104,54,590,-60,-590,54,590,-60,-597,54,-590,590,-60,-1428,-1428,54,-926,54,-1104,54
live.com,31342,71,32,39,1.21875,590,-60,-590,54,590,-60,-590,54,590,-60,-2802,-412,54,54,-1428,54,-244,54,590,-60,-590,590,-60,-1104,54,590,-60,-590,54,590,-60,-590,54,590,-60,-2802,54,-926,54,-1104
live.com,32699,115,56,59,1.0535714285714286,54,-60,-590,54,590,-60,-590,590,-60,-597,54,-2802,54,-926,54,-1104,54,590,-60,-590,54,590,-60,93,-60,78,54,-60,-60,-60,54,-1104,54,54,-60,54,-60,-60,54,54
live.com,32173,99,48,51,1.0625,590,-60,-590,54,590,-60,93,-60,78,54,-60,-60,-60,54,-590,590,-60,-2802,54,-926,54,597,-60,-1104,54,590,-60,-590,54,590,-60,-1104,54,590,-60,-590,54,590,-60,-590
netflix.com,153363,134,3,131,43.666666666666664,597,-54,-590,-54,-590,-60,-590,-54,-590,-60,-1428,-1428,-54,-926,-590,-60,-590,-590,-60,-590,-590,-60,-590,-60,-1428,-1272,-54,-590,-60,-590,-60,-590,-590,-60,-590,-590,-60,-1428,-1428,-926
netflix.com,134105,170,73,97,1.3287671232876712,590,-60,-590,54,590,-60,-590,54,590,-60,-590,54,-2802,54,-926,54,-590,54,590,-60,-590,590,-60,-1428,-758,54,-1104,54,590,-60,597,-60,590,-60,-590,54,590,-60,-590,54
netflix.com,132456,135,59,76,1.2881355932203389,590,-60,-590,54,590,-60,-590,54,590,-60,-1428,-1428,54,54,-926,54,-590,54,590,-60,-590,590,-60,-2646,54,-597,54,590,-60,-590,590,-60,-590,54,-590,590,-60,-2802,-926,54
netflix.com,131151,136,54,82,1.5185185185185186,590,-60,-590,54,590,-60,-590,54,590,-60,-2802,54,-926,54,590,-60,-590,590,-60,-590,590,-60,-1428,-1272,54,597,-60,590,-60,-590,590,-60,-590,590,-60,-1428,-1428,-926,54,-590
netflix.com,135236,158,68,90,1.3235294117647058,590,-60,-590,54,590,-60,-590,54,590,-60,-3674,54,-590,54,590,-60,-590,590,-60,-1428,-1428,54,-412,54,590,-60,590,-60,-590,54,590,-60,-590,54,590,-60,-1618,54,-1428,54
netflix.com,138862,134,53,81,1.528301886792453,590,-60,-590,54,590,-60,-590,54,-590,54,590,-60,-2802,54,-926,54,-590,54,590,-60,-590,590,-60,-1428,-1428,54,-412,54,-597,54,-590,54,590,-60,-590,54,590,-60,-590,54
netflix.com,132181,146,63,83,1.3174603174603174,597,-60,-597,54,597,-60,-597,54,597,-60,-2650,54,-1085,54,-597,54,597,-60,-597,597,-60,-2650,-60,54,590,-60,-590,54,-590,54,-597,54,597,-60,-590,54,-597,54,597,-60
netflix.com,19178,139,73,66,0.9041095890410958,597,-54,-597,60,-590,-60,597,-54,-597,60,1352,-54,2383,-54,597,-54,-597,60,597,-597,60,2139,-54,1111,-54,-590,-54,-597,60,-590,-60,597,-54,-597,60,597,-54,-597,60,1352
netflix.com,132659,153,70,83,1.1857142857142857,597,-60,-597,597,-60,-597,597,-60,-590,54,-1352,-1352,54,-1085,54,-597,54,597,-60,-590,54,-597,54,597,-60,-1352,-1352,54,54,-571,54,590,-60,597,-60,-597,54,597,-60,-597
netflix.com,131277,159,72,87,1.2083333333333333,597,-60,-597,54,597,-60,-597,54,597,-60,-2650,54,-1085,54,-597,54,597,-60,-597,597,-60,-1352,-841,54,-1111,54,590,-60,597,-60,-597,54,597,-60,-597,54,597,-60,-2650,54
netflix.com,134080,144,62,82,1.3225806451612903,597,-60,-597,597,-60,590,-60,-597,597,-60,-2650,54,-1085,54,-597,54,597,-60,-597,54,597,-60,-590,54,-1352,54,-1869,54,-590,54,597,-60,-597,54,597,-60,-597,597,-60,-3681
netflix.com,134152,143,61,82,1.3442622950819672,597,-60,-597,54,597,-60,-597,54,597,-60,-2650,-1085,54,54,-597,54,597,-60,-597,597,-60,-2650,-571,54,-590,54,-590,54,597,-60,-597,597,-60,-597,597,-60,-3681,54,-597,597
netflix.com,7821,40,15,25,1.6666666666666667,590,-54,-590,60,590,-54,-590,60,2802,-54,926,-54,590,-54,-590,60,590,-590,60,-590,-54,2802,412,-54,-597,-60,-597,-54,-590,60,-590,-54,-597,-60,590,-54,-590,60,-590,-60
netflix.com,12238,41,20,21,1.05,590,-60,-590,54,590,-60,-590,54,590,-60,-1618,54,-1428,54,-1272,54,590,-60,-590,590,-60,-2132,54,-1104,54,-597,54,597,-60,590,-60,-590,54,590,-60,-597,54,-590,54,590
netflix.com,135098,134,55,79,1.4363636363636363,590,-60,-590,54,590,-60,-590,54,590,-60,-1428,54,-1428,54,-926,54,-590,54,590,-60,-590,590,-60,-1428,-758,54,-1104,54,590,-60,-590,54,590,-60,-590,54,590,-60,-3674,54
netflix.com,136035,161,66,95,1.4393939393939394,590,-60,-590,54,590,-60,-590,54,590,-60,-2802,54,-926,54,-590,54,590,-60,-590,54,590,-60,-2132,54,-1104,54,590,-60,-590,54,590,-60,-590,590,-60,-2802,-926,54,590,-60
netflix.com,17330,144,80,64,0.8,590,-590,60,590,-590,60,2802,-54,926,-54,590,-54,-590,60,590,-54,-590,60,2802,-54,412,-54,-590,60,590,-54,-590,60,590,-597,-60,-590,60,1428,1428,-54,412,-54,1104,-54
netflix.com,135486,151,67,84,1.2537313432835822,590,-60,-590,54,590,-60,-590,54,590,-60,-1428,54,-1428,54,-926,54,-590,54,590,-60,-590,590,-60,-2132,54,-1104,54,-597,54,590,-60,-590,54,590,-60,-590,54,590,-60,-2802
netflix.com,130514,130,58,72,1.2413793103448276,590,-60,-590,590,-60,-590,590,-60,-2802,54,-926,54,-590,54,590,-60,-590,54,590,-60,-2802,54,-412,54,590,-60,-590,54,590,-60,-590,590,-60,-1428,-1428,54,-926,54,-590,54
netflix.com,132534,134,56,78,1.3928571428571428,590,-60,-590,54,590,-60,-590,54,590,-60,-1428,-1428,54,54,-926,54,-590,54,590,-60,-590,590,-60,-2132,54,-1104,590,-60,-590,54,590,-60,-590,54,590,-60,-590,54,590,-60
netflix.com,131056,135,55,80,1.4545454545454546,590,-60,-590,54,590,-60,-590,54,590,-60,-1428,54,-1428,54,-1376,54,-140,54,590,-60,-590,54,590,-60,-2132,-1104,54,54,590,-60,-590,54,590,-60,-590,54,590,-60,-2802,54
netflix.com,16768,155,91,64,0.7032967032967034,590,-590,60,590,-590,60,1428,1428,926,-54,590,-590,60,590,-590,60,1428,758,-54,-590,60,1104,-54,-590,60,590,-54,-590,60,590,-54,-590,60,1428,-54,1428,-54,1376,-54,140
netflix.com,131542,142,62,80,1.2903225806451613,590,-60,-590,54,590,-60,-590,54,590,-60,-2802,-926,54,-590,590,-60,-590,590,-60,-1428,-1428,54,-412,54,590,-60,-590,54,590,-60,-590,54,590,-60,-2802,54,-1376,54,-140,54
netflix.com,131640,142,60,82,1.3666666666666667,590,-60,-590,590,-60,-590,590,-60,-2802,54,-1376,54,-140,54,590,-60,-590,54,590,-60,-1428,54,-758,54,-1104,54,590,-60,-590,54,590,-60,-590,590,-60,-1428,-1428,-1376,54,54
netflix.com,134869,173,70,103,1.4714285714285715,590,-60,-590,54,590,-60,-590,54,590,-60,-2802,54,-926,54,-590,54,590,-60,-590,590,-60,-1428,-758,54,-1104,54,590,-60,-590,54,590,-60,-590,54,590,-60,-1428,54,-1428,-926
netflix.com,18304,139,76,63,0.8289473684210527,590,-54,-590,60,590,-590,60,1428,1428,-54,926,-54,590,-54,-590,60,590,-54,-590,60,1618,-54,1104,-54,-590,60,-590,60,590,-54,-590,60,590,-590,60,2802,926,-54,590,-590
netflix.com,139277,172,75,97,1.2933333333333332,590,-60,-590,54,590,-60,-590,54,590,-60,-2802,54,-926,54,-590,54,590,-60,-590,590,-60,-1428,-758,54,-1104,54,597,-60,597,-60,590,-60,-590,54,590,-60,-590,54,590,-60
netflix.com,134440,137,62,75,1.2096774193548387,590,-60,-590,54,590,-60,-590,54,590,-60,-2802,54,-926,54,-590,54,590,-60,-590,590,-60,-1428,-244,54,-1428,54,-244,54,590,-60,590,-60,-590,54,590,-60,-590,54,590,-60
netflix.com,43997,140,64,76,1.1875,590,-60,-590,590,-60,-590,590,-60,-2802,54,-926,54,-590,54,590,-60,-590,54,590,-60,-2802,54,-412,54,597,-60,-597,54,590,-60,-590,54,590,-60,-590,590,-60,-1428,-2300,54
netflix.com,130843,145,67,78,1.164179104477612,597,-60,-597,54,597,-60,-597,597,-60,-1352,-1352,-1085,54,54,-597,54,597,-60,-597,54,597,-60,-1352,-841,54,54,-1111,54,590,-60,597,-60,-597,54,597,-60,-597,597,-60,-1352
netflix.com,132731,163,72,91,1.2638888888888888,597,-60,-597,597,-60,-597,597,-60,-2650,54,-1085,54,-597,54,597,-60,-597,54,597,-60,-1352,54,-841,54,-1111,54,597,-60,-597,54,597,-60,-590,54,-597,597,-60,-1352,-327,54
netflix.com,132010,172,75,97,1.2933333333333332,597,-60,-597,54,597,-60,-597,54,597,-60,590,-60,-1352,54,-2383,54,-597,54,597,-60,-597,597,-60,-1352,-1869,54,597,-60,-597,597,-60,-597,597,-60,-2650,54,-1085,54,-597,54
netflix.com,133121,143,64,79,1.234375,590,-60,-590,590,-60,-590,590,-60,-1428,-1428,54,-412,54,-1104,54,590,-60,-590,54,590,-60,-2132,54,-1104,54,-597,54,-590,54,590,-60,-590,54,590,-60,-590,590,-60,-2802,54
netflix.com,131734,149,66,83,1.2575757575757576,590,-60,-590,590,-60,-590,590,-60,-2802,-926,54,-590,590,-60,-590,590,-60,-1428,-1428,54,-412,54,590,-60,-590,54,590,-60,-590,54,590,-60,-590,54,590,-60,-1428,-1428,54,54
netflix.com,134355,166,74,92,1.2432432432432432,590,-60,-590,54,590,-60,-590,54,590,-60,-597,54,-2802,54,-926,54,-590,54,590,-60,-590,590,-60,-590,54,-1428,-758,54,-1104,54,590,-60,-590,54,590,-60,-590,54,590,-60
netflix.com,133066,180,83,97,1.1686746987951808,590,-60,-590,590,-60,-590,590,-60,590,-60,-1428,-1428,54,-926,54,-590,54,590,-60,-590,54,590,-60,-1428,54,-758,54,-1104,54,-597,54,590,-60,-590,54,590,-60,-590,590,-60
netflix.com,134548,194,78,116,1.4871794871794872,590,-60,-590,54,590,-60,-590,54,590,-60,-2802,54,-926,54,-590,54,590,-60,-590,590,-60,-1428,-758,54,-1104,54,597,-60,590,-60,-590,54,590,-60,-590,54,590,-60,-2802,54
netflix.com,135920,195,83,112,1.3493975903614457,590,-60,-590,54,590,-60,-590,54,590,-60,-1428,-1428,54,54,-926,54,-590,54,590,-60,-590,590,-60,-1428,-758,54,-1104,54,-597,54,590,-60,-590,54,590,-60,-590,54,590,-60
netflix.com,134011,179,73,106,1.452054794520548,590,-60,-590,54,590,-60,-590,54,590,-60,-597,54,-1428,54,-2300,54,-590,54,590,-60,-590,590,-60,-2802,-412,54,597,-60,590,-60,-590,590,-60,-590,590,-60,-1428,-1428,54,-926
netflix.com,134445,181,80,101,1.2625,590,-60,-590,54,590,-60,-590,54,590,-60,-2802,54,-926,590,-60,-590,590,-60,-590,590,-60,-1428,-1428,54,-412,54,93,-60,-93,54,-597,54,590,-60,-590,54,590,-60,-590,54
reddit.com,309994,184,67,117,1.7462686567164178,590,-60,-590,590,-60,-590,590,-60,-2802,-926,54,-590,590,-60,-590,590,-60,-1618,54,590,-60,-590,54,597,-60,590,-60,-590,54,590,-60,-590,54,590,-60,-2802,-926,54,54,590
reddit.com,289745,204,80,124,1.55,590,-60,-590,54,590,-60,-590,590,-60,-2802,-926,54,-590,590,-60,-590,590,-60,597,-60,-2132,54,590,-60,-590,590,-60,-590,590,-60,-3674,54,-590,590,-60,-590,590,-60,-1428,-1428
reddit.com,292184,161,58,103,1.7758620689655173,590,-60,-590,54,590,-60,-590,54,590,-60,-2802,54,-926,54,-590,54,590,-60,-590,590,-60,-2132,54,590,-60,-590,590,-60,-590,590,-60,-2802,54,-926,54,-590,54,590,-60,-590
reddit.com,303963,232,86,146,1.697674418604651,590,-60,-590,54,590,-60,-590,54,590,-60,-2802,54,-926,54,-590,54,590,-60,-590,590,-60,-2132,54,590,-60,-590,590,-60,-590,590,-60,-1428,-1428,-926,54,-590,590,-60,-590,590
reddit.com,290210,184,70,114,1.6285714285714286,590,-60,-590,54,590,-60,-590,54,590,-60,-3674,54,-590,590,-60,-590,590,-60,597,-60,-1428,-758,54,-590,54,590,-60,-590,590,-60,-590,590,-60,-1428,-1428,54,-926,54,-590,54
reddit.com,280631,232,96,136,1.4166666666666667,590,-60,-590,590,-60,-590,590,-60,-2802,-926,54,-590,590,-60,-590,590,-60,-1618,54,-1104,54,-597,54,590,-60,590,-60,-590,54,590,-60,-590,54,590,-60,-3674,54,-590,54,590
reddit.com,290168,241,107,134,1.2523364485981308,597,-60,-597,597,-60,-597,597,-60,-1352,-1352,-1085,54,-597,597,-60,590,-60,-597,597,-60,-590,54,-1352,-327,54,597,-60,-597,54,597,-60,-597,54,597,-60,-597,54,597,-60,-2650
reddit.com,290131,215,96,119,1.2395833333333333,597,-60,-597,54,597,-60,-597,54,597,-60,-2650,54,-1085,54,590,-60,-597,54,597,-60,-597,597,-60,-1625,54,597,-60,-597,54,590,-60,597,-60,-597,54,597,-60,-597,54,597
reddit.com,286645,221,95,126,1.3263157894736841,597,-60,-597,54,597,-60,-597,54,597,-60,-2650,-1085,54,-597,597,-60,-597,597,-60,-2139,54,590,-60,597,-60,590,-60,-597,597,-60,-597,597,-60,-1352,-1352,54,-1085,54,-597,54
reddit.com,289206,184,64,120,1.875,597,-60,-597,597,-60,-597,597,-60,-2650,-1085,54,-597,597,-60,-597,597,-60,-2139,54,-590,54,597,-60,-590,54,-597,597,-60,-597,597,-60,-1352,-2383,54,-597,597,-60,-597,597,-60
reddit.com,286992,205,89,116,1.303370786516854,597,-60,-597,54,597,-60,-597,597,-60,-2650,-1085,54,-597,597,-60,-597,597,-60,-1625,54,-1111,54,590,-60,597,-60,-597,54,597,-60,-597,54,597,-60,-2650,54,-1085,54,-597,54
reddit.com,22838,227,125,102,0.816,597,-54,-597,60,597,-54,-597,60,1352,-54,1352,-54,1085,-54,597,-54,-597,60,597,-597,60,1625,-54,-597,60,597,-54,-590,-60,-597,60,-590,-54,597,-54,-597,60,597,-54,-597
reddit.com,275196,242,100,142,1.42,590,-60,-590,54,590,-60,-590,54,590,-60,-2802,-926,54,54,-590,54,590,-60,-590,590,-60,-1428,-758,54,590,-60,590,-60,-590,590,-60,-590,590,-60,-2802,-926,54,-590,590,-60
reddit.com,18668,170,102,68,0.6666666666666666,590,-54,-590,60,590,-54,-590,60,1428,1428,-54,-54,926,-54,590,-54,-590,60,590,-590,60,1428,244,-54,1104,-54,-590,-60,-590,60,590,-54,-590,60,590,-54,-590,60,590,-54
reddit.com,19771,218,130,88,0.676923076923077,590,-54,-590,60,590,-54,-590,60,1428,1428,-54,926,-54,590,-54,-590,60,590,-54,-590,60,1618,-54,-590,60,590,-54,-597,-54,-590,60,590,-54,-590,60,590,-54,-590,60,590
reddit.com,322058,236,99,137,1.3838383838383839,590,-60,-590,54,590,-60,-590,54,590,-60,-2802,-926,54,54,-590,54,590,-60,-590,54,590,-60,-1428,-244,54,590,-60,-590,54,590,-60,-590,54,590,-60,-590,54,590,-60,-1428
reddit.com,292159,261,113,148,1.3097345132743363,590,-60,-590,54,590,-60,-590,54,590,-60,-597,54,-2646,54,-1428,54,-266,54,590,-60,-590,54,590,-60,-1428,-1272,54,54,590,-60,-590,54,590,-60,-590,590,-60,-2802,54,-926
reddit.com,287426,215,99,116,1.1717171717171717,590,-60,-590,54,590,-60,-590,54,590,-60,-3674,54,-590,54,590,-60,-590,590,-60,-1618,54,590,-60,-590,54,590,-60,-590,54,590,-60,-590,54,590,-60,-1618,54,-1428,54,-1272
reddit.com,276232,224,91,133,1.4615384615384615,590,-60,-590,54,590,-60,-590,54,590,-60,-1428,-1428,54,54,-926,54,-590,54,590,-60,-590,590,-60,-1618,54,590,-60,-590,54,590,-60,-590,54,590,-60,-590,54,590,-60,-2802
reddit.com,17610,207,127,80,0.6299212598425197,590,-54,-590,60,590,-54,-590,60,2802,-54,926,-54,590,-54,-590,60,590,-590,60,1428,244,-54,-590,60,590,-54,-590,60,590,-54,-590,60,590,-54,-590,60,1428,1428,-54,-54
reddit.com,280992,272,110,162,1.4727272727272727,590,-60,-590,54,590,-60,-590,54,590,-60,-1428,54,-1428,54,-1376,54,-140,54,590,-60,-590,590,-60,-1428,-1272,54,590,-60,-590,590,-60,-590,590,-60,-1104,-1428,54,-1428,54,-434
reddit.com,280393,211,93,118,1.2688172043010753,590,-60,-590,54,590,-60,-590,54,590,-60,-1428,-1786,54,54,-1104,54,590,-60,-590,54,590,-60,-2132,54,590,-60,-590,54,590,-60,-590,54,590,-60,-4124,54,-140,54,590,-60
reddit.com,290592,221,90,131,1.4555555555555555,590,-60,-590,54,590,-60,-590,54,590,-60,-2802,54,-1376,54,-140,54,590,-60,-590,590,-60,-2132,54,590,-60,-590,54,590,-60,-590,54,590,-60,-590,54,590,-60,-1428,-1428,-926
reddit.com,18324,215,123,92,0.7479674796747967,590,-54,-590,60,590,-54,-590,60,1428,1428,-54,-54,926,-54,590,-54,-590,60,590,-590,60,1428,1272,-54,-590,60,590,-590,60,590,-590,60,2802,-54,1376,-590,60,140,-590,60
reddit.com,293841,238,104,134,1.2884615384615385,590,-60,-590,54,590,-60,-590,54,590,-60,-3674,54,-590,54,590,-60,-590,590,-60,-1428,-758,54,590,-60,-590,590,-60,-590,590,-60,597,-60,-2802,54,-926,54,-590,54,590,-60
reddit.com,293851,233,98,135,1.3775510204081634,590,-60,-590,54,590,-60,-590,54,590,-60,-3674,54,-590,54,590,-60,-590,590,-60,590,-60,-1428,-758,54,-597,54,590,-60,-590,590,-60,-590,590,-60,-1428,-1428,54,-926,54,-590
reddit.com,288491,259,112,147,1.3125,590,-60,597,-60,-590,54,590,-60,-590,54,590,-60,-2802,54,-926,54,-590,54,590,-60,-590,54,590,-60,-1618,54,590,-60,-590,54,590,-60,-590,54,590,-60,-590,54,590,-60
reddit.com,300097,289,117,172,1.4700854700854702,590,-60,-597,54,-590,54,590,-60,-590,54,590,-60,-2802,54,-926,54,-590,54,590,-60,590,-60,-590,590,-60,-1428,-244,54,590,-60,-590,54,590,-60,-597,54,-590,54,590,-60
reddit.com,286512,228,89,139,1.5617977528089888,590,-60,-590,54,590,-60,-590,54,590,-60,-1428,-1428,54,-926,54,-590,54,590,-60,-590,54,590,-60,590,-60,-1428,54,-244,54,590,-60,-590,54,590,-60,-590,54,590,-60,-590
reddit.com,285799,239,94,145,1.5425531914893618,590,-60,-590,54,590,-60,-590,54,590,-60,-1428,54,-244,54,-1428,54,-1272,54,590,-60,-590,590,-60,-2132,54,590,-60,-590,590,-60,-590,590,-60,-1428,-2300,54,-590,590,-60,-590
reddit.com,289844,248,102,146,1.4313725490196079,597,-60,-597,54,597,-60,-597,54,597,-60,-1352,-1352,54,-1085,54,-597,54,597,-60,-597,54,597,-60,-2139,54,590,-60,597,-60,-597,54,597,-60,-597,597,-60,-2650,-1085,54,-597
reddit.com,287723,238,103,135,1.3106796116504855,597,-60,-597,54,597,-60,-597,54,597,-60,-3681,54,-597,54,597,-60,-597,597,-60,-2139,54,597,-60,-597,597,-60,-597,597,-60,-1352,-1352,54,-1085,54,-597,54,597,-60,-597,54
reddit.com,306872,206,92,114,1.2391304347826086,590,-60,-590,54,590,-60,-590,590,-60,-1428,-2300,54,-590,590,-60,-590,590,-60,-1618,54,-1104,54,590,-60,-590,54,590,-60,-590,54,590,-60,-1428,-1428,54,54,-926,54,-590,54
reddit.com,304440,211,93,118,1.2688172043010753,590,-60,-590,54,590,-60,-590,54,590,-60,-1428,-1428,54,54,-412,54,-1104,54,590,-60,-590,590,-60,-1618,54,-1104,54,590,-60,-590,54,590,-60,-590,54,590,-60,-2802,-1376,54
reddit.com,286880,270,121,149,1.2314049586776858,590,-60,-590,54,590,-60,-590,54,590,-60,-1428,-1428,54,-926,54,-590,54,590,-60,-590,54,-590,54,590,-60,-1428,54,-758,54,590,-60,-590,54,590,-60,-590,590,-60,-1428,-1428
reddit.com,287083,284,134,150,1.1194029850746268,590,-60,-590,54,590,-60,-590,54,590,-60,-2802,54,-926,54,-590,54,590,-60,-590,590,-60,590,-60,-1428,-244,54,590,-60,-590,54,590,-60,590,-60,-590,54,590,-60,-590,54
reddit.com,165251,184,86,98,1.1395348837209303,590,-60,-590,54,590,-60,-590,54,590,-60,-1428,-1428,54,-1376,54,-140,54,590,-60,-597,54,-590,54,590,-60,-1428,54,-758,54,590,-60,-597,54,-590,54,590,-60,-590,590,-60
reddit.com,26255,415,237,178,0.7510548523206751,2802,-54,1376,-54,140,-54,2802,-54,1376,-54,140,-54,2802,-54,1376,-54,-590,60,140,-54,2802,-54,1376,-54,140,-54,2802,-54,1376,-54,140,-54,2802,-54,1376,-54,140,-54,4124,-54
reddit.com,287764,186,80,106,1.325,590,-60,-590,54,590,-60,-590,54,590,-60,-597,54,-1428,-1428,-926,54,590,-60,-590,590,-60,-78,54,82,-60,-590,590,-60,-1428,-244,54,590,-60,-590,54,590,-60,-590,54,590
reddit.com,289563,290,123,167,1.3577235772357723,590,-60,-590,54,590,-60,93,-60,-93,54,-590,54,590,-60,-1428,54,-1428,54,-926,54,-590,54,590,-60,-590,590,-60,597,-60,-1428,-244,54,590,-60,-590,54,590,-60,-590,54
tiktok.com,112013,109,4,105,26.25,597,-54,-590,-590,-60,-590,-590,-60,-2802,-54,-926,-1428,-54,-244,-590,-60,-590,-60,-590,-590,-60,-1104,-54,-597,60,-590,-60,-590,-60,-590,-54,-590,-60,-590,-54,-590,-60,-2802,-412,-54
tiktok.com,106243,128,56,72,1.2857142857142858,590,-60,-590,54,590,-60,-590,54,590,-60,-2802,54,-412,-1428,54,-758,590,-60,-590,590,-60,-1618,54,-597,54,590,-60,-590,-60,78,54,-60,-60,590,-60,590,-60,-590,590,-60
tiktok.com,96526,107,52,55,1.0576923076923077,590,-60,-590,54,590,-60,-590,54,590,-60,-2802,54,-412,54,-1428,54,-758,54,590,-60,-590,590,-60,-1104,54,597,-60,-597,54,590,-60,-590,54,590,-60,-590,54,590,-60,-1428
tiktok.com,99239,108,50,58,1.16,590,-60,-590,54,590,-60,-590,54,590,-60,-590,54,-2802,54,-1428,54,-1116,54,590,-60,-590,590,-60,-1104,54,597,-60,590,-60,-590,54,590,-60,-590,54,590,-60,-1428,-1428,54
tiktok.com,101634,113,51,62,1.2156862745098038,590,-60,-590,54,590,-60,-590,54,-590,54,590,-60,-2802,54,-926,54,-1428,54,-244,54,590,-60,-590,590,-60,-1618,54,-597,54,590,-60,-590,590,-60,-590,590,-60,-1428,-1428,54
tiktok.com,96286,115,54,61,1.1296296296296295,590,-60,-590,54,590,-60,-590,54,590,-60,-597,54,-1428,54,-1428,54,-412,54,-1428,54,-758,54,590,-60,-590,590,-60,-590,54,-1104,54,590,-60,590,-60,-590,54,590,-60,-590
tiktok.com,110463,120,53,67,1.2641509433962264,597,-60,-590,54,-597,597,-60,-597,597,-60,-2650,54,-1085,597,-60,-1352,54,-327,54,597,-60,-597,54,597,-60,-597,54,-1111,54,597,-60,-590,54,-597,54,597,-60,-597,597,-60
tiktok.com,105525,117,52,65,1.25,597,-60,-597,54,597,-60,-597,54,597,-60,-2650,54,-1085,54,-1352,54,-327,54,597,-60,597,-60,-597,597,-60,-1352,-327,54,-590,54,-590,54,597,-60,-597,597,-60,-597,597,-60
tiktok.com,111139,134,3,131,43.666666666666664,590,-54,-590,-60,-597,-597,-60,-590,-54,-597,-597,-60,-2650,-54,-1085,-54,-1352,-54,-327,-54,-597,-60,-597,-60,-597,-54,-597,-60,-597,-54,-1111,-54,590,-590,-54,-54,-597,-60,-597,-54
tiktok.com,104168,119,53,66,1.2452830188679245,597,-60,590,-60,-597,54,597,-60,-597,54,597,-60,-1352,-1352,54,54,-1085,54,-1352,54,-327,54,597,-60,-597,597,-60,-1352,-327,54,597,-60,-597,597,-60,-597,597,-60,-590,54
tiktok.com,100622,123,54,69,1.2777777777777777,597,-60,590,-60,-597,54,597,-60,-597,54,597,-60,-2650,-1085,54,54,-1352,54,-327,54,597,-60,-590,54,-597,597,-60,-1352,-327,54,597,-60,-597,597,-60,-597,597,-60,-2650,54
tiktok.com,103451,98,43,55,1.2790697674418605,597,-60,-597,54,597,-60,-597,597,-60,-3681,54,-1625,54,597,-60,-597,597,-60,-1625,54,-590,54,597,-60,-597,597,-60,-597,597,-60,-3167,54,597,-60,-597,597,-60,-590,54,-1514
tiktok.com,96387,102,49,53,1.0816326530612246,590,-60,-590,54,590,-60,-590,54,590,-60,-2802,-926,54,54,-1428,54,-244,54,590,-60,-590,590,-60,-590,54,-1104,54,590,-60,-590,54,590,-60,-590,54,590,-60,-2802,54,-412
tiktok.com,102302,108,51,57,1.1176470588235294,597,-60,-590,54,590,-60,-590,54,590,-60,590,-60,-1428,54,-1428,-926,54,54,-1428,54,-244,54,590,-60,-590,590,-60,-590,54,-1104,54,590,-60,-590,54,590,-60,-590,54,590
tiktok.com,11465,110,57,53,0.9298245614035088,590,-54,-590,60,590,-54,-590,60,3674,-54,1428,-54,244,-54,-590,60,590,-590,60,590,-54,1104,-54,-590,60,590,-54,-590,60,590,-54,-590,60,2802,-54,412,-54,-590,60,590
tiktok.com,108699,126,57,69,1.2105263157894737,590,-60,-590,54,590,-60,-590,54,590,-60,-2802,54,-926,54,-1428,54,-244,54,590,-60,-590,590,-60,-590,54,-1104,54,590,-60,-590,54,590,-60,-597,54,-590,54,590,-60,-3160
tiktok.com,67500,80,33,47,1.4242424242424243,590,-60,-590,54,590,-60,-590,54,590,-60,-2802,-926,54,54,-1428,54,-244,54,590,-60,-590,590,-60,-1428,-244,54,590,-60,-590,590,-60,-590,590,-60,-3160,54,590,-60,-590,590
tiktok.com,106499,124,56,68,1.2142857142857142,590,-60,-590,54,590,-60,-590,54,590,-60,-2802,-926,54,54,-1428,54,-244,54,590,-60,-590,590,-60,-590,54,-1104,54,590,-60,-590,54,590,-60,-590,54,590,-60,-1428,54,-1428
tiktok.com,103326,107,49,58,1.183673469387755,590,-60,-590,54,590,-60,-590,54,590,-60,-2802,54,-926,54,-1428,54,-244,54,590,-60,-590,590,-60,-590,54,-1104,54,590,-60,-590,54,590,-60,-590,54,590,-60,-1428,-1428,54
tiktok.com,9290,95,52,43,0.8269230769230769,590,-590,60,590,-590,60,3160,-54,1428,758,-54,-590,60,590,-590,60,590,-54,1104,-54,-590,60,590,-54,-590,60,590,-54,-590,60,1428,-54,1428,-54,412,-54,-590,60,590,-590
tiktok.com,93586,105,45,60,1.3333333333333333,590,-60,-590,54,590,-60,-590,54,590,-60,-2802,54,-926,54,-1428,54,-244,54,590,-60,-590,590,-60,-1428,-244,54,590,-60,-590,590,-60,-590,54,590,-60,-3160,54,590,-60,-590
tiktok.com,97384,113,50,63,1.26,590,-60,-590,590,-60,-590,590,-60,-1428,-1428,54,-412,-1428,54,-758,590,-60,-590,590,-60,-590,54,-1104,54,590,-60,-590,54,590,-60,-590,54,590,-60,-1428,-1428,54,54,-412,54
tiktok.com,103306,91,44,47,1.0681818181818181,590,-60,-590,54,590,-60,-590,54,590,-60,-1428,-1428,54,54,-926,54,-1428,54,-244,54,590,-60,-590,590,-60,-590,54,-1104,54,590,-60,-590,54,590,-60,-590,54,590,-60,-590
tiktok.com,100918,123,53,70,1.320754716981132,590,-60,-590,54,590,-60,-590,54,590,-60,-2802,-1376,54,54,-1190,54,590,-60,-590,590,-60,-1428,-244,54,590,-60,-590,590,-60,-590,590,-60,-2802,54,-412,590,-60,-590,590,-60
tiktok.com,96699,126,57,69,1.2105263157894737,590,-60,-590,54,590,-60,-590,54,590,-60,-1428,-1428,54,54,-926,54,-1428,54,-244,54,590,-60,-590,54,590,-60,-590,54,-1104,54,597,-60,590,-60,-590,54,590,-60,-590,54
tiktok.com,11382,114,62,52,0.8387096774193549,590,-54,-590,60,590,-54,-590,60,1428,-54,1428,-54,926,-54,1428,-54,244,-54,-590,60,590,-590,60,1428,244,-54,-597,-60,-590,60,590,-590,60,590,-590,60,1428,244,-54,1428
tiktok.com,98926,110,46,64,1.391304347826087,590,-60,-590,54,590,-60,-590,590,-60,-2802,54,-926,-1428,54,-244,590,-60,-590,590,-60,-1428,-244,54,590,-60,-590,590,-60,-590,590,-60,-2802,54,-412,590,-60,-590,590,-60,-1514
tiktok.com,99825,125,59,66,1.11864406779661,590,-60,-590,54,590,-60,-590,54,590,-60,-1428,-1428,54,54,-926,54,-1428,54,-244,54,590,-60,-597,54,-590,54,590,-60,-590,54,-1104,54,74,-60,54,141,-60,-202,54,54
tiktok.com,11581,102,57,45,0.7894736842105263,590,-590,60,590,-590,60,1428,244,-54,1428,1428,-54,926,-590,60,590,-590,60,1618,-54,-590,60,590,-590,60,590,-590,60,2802,-54,412,-590,60,590,-590,60,2802,-54,412,-590
tiktok.com,88906,110,51,59,1.1568627450980393,590,-60,-590,54,590,-60,-590,54,590,-60,-2802,54,-926,54,590,-60,-1428,54,-244,54,590,-60,-590,54,590,-60,-590,54,-1104,54,590,-60,-590,54,590,-60,-590,54,590,-60
tiktok.com,103535,141,67,74,1.1044776119402986,597,-60,-590,54,-597,54,597,-60,-597,54,597,-60,-2650,-1085,54,54,-1352,54,-327,54,597,-60,-597,597,-60,-1625,54,597,-60,-597,597,-60,-597,597,-60,-1625,54,-1352,54,-327
tiktok.com,96654,115,53,62,1.169811320754717,597,-60,590,-60,-597,54,597,-60,-597,54,597,-60,-2650,54,-571,54,-1352,54,-841,54,597,-60,-597,597,-60,-1352,-327,54,597,-60,-597,597,-60,-597,597,-60,-1352,-1352,-571,54
tiktok.com,97764,101,50,51,1.02,590,-60,-590,54,590,-60,-590,54,590,-60,-1428,54,-1428,-926,54,54,-1428,54,-244,54,590,-60,-590,590,-60,-590,54,-1104,54,590,-60,590,-60,-590,54,590,-60,-590,54,590
tiktok.com,100536,115,51,64,1.2549019607843137,590,-60,-590,54,590,-60,-590,590,-60,-1428,-1428,-926,54,-1428,54,-244,590,-60,-590,590,-60,-1428,-244,54,590,-60,-590,590,-60,-590,590,-60,-1428,-1428,54,-412,590,-60,-590,590
tiktok.com,12536,99,46,53,1.1521739130434783,590,-54,-590,60,590,-54,-590,60,1428,-54,1428,-54,412,-54,1428,-54,758,-54,-590,60,590,-590,60,590,-54,1104,-54,-590,-54,-590,60,590,-54,-590,60,590,-54,-590,60,3160
tiktok.com,98861,112,52,60,1.1538461538461537,590,-60,-590,54,590,-60,-590,54,590,-60,-1428,-1428,54,54,-926,54,590,-60,-1428,54,-244,54,590,-60,-590,54,590,-60,-590,54,-1104,54,590,-60,-590,54,590,-60,-590,590
tiktok.com,12753,121,59,62,1.0508474576271187,590,-54,590,-54,-590,60,590,-54,-590,60,1428,-54,2300,-54,1428,-54,244,-54,-590,60,-590,60,590,-590,60,1618,-54,-590,60,590,-590,60,590,-590,60,2802,412,-54,-590,60
tiktok.com,84995,98,44,54,1.2272727272727273,590,-60,-590,54,590,-60,-590,54,590,-60,-1428,-1428,54,54,-926,54,-1428,54,-244,54,590,-60,-590,590,-60,-1428,-244,54,590,-60,-590,590,-60,-590,590,-60,-1428,-1428,54,-412
tiktok.com,100368,119,51,68,1.3333333333333333,590,-60,-590,54,590,-60,-590,590,-60,-597,54,-2802,-926,54,590,-60,-1428,-244,54,590,-60,-590,590,-60,-1428,-244,54,54,-60,590,-60,-597,54,-590,590,-60,-590,590,-60,-1428
tiktok.com,100827,190,87,103,1.1839080459770115,590,-60,54,-60,-590,54,590,-60,-60,54,-590,54,590,-60,-3674,54,-1428,54,-244,54,590,-60,-590,590,-60,-1428,-244,54,93,-60,-93,54,590,-60,93,-60,-93,54,-590,590
twitter.com,60219,98,47,51,1.0851063829787233,597,-60,-597,54,597,-60,-590,54,-597,54,597,-60,-2650,54,-571,54,597,-60,-597,597,-60,-1352,-1352,-2383,54,54,-2650,-5246,54,54,-2650,54,-3948,54,-2650,-3948,54,54,597,-60
twitter.com,59605,78,38,40,1.0526315789473684,597,-60,-597,54,597,-60,-597,54,597,-60,-2650,-571,54,54,597,-60,-597,597,-60,-2650,-1085,54,-1352,54,-2650,-3948,54,54,-1352,54,-1352,54,-3948,54,-1352,54,-1352,-4434,54,54
twitter.com,59575,85,40,45,1.125,590,-60,-590,54,590,-60,-590,54,590,-60,-3160,54,590,-60,-597,54,-590,54,590,-60,-1428,-2300,54,-1428,54,-244,54,-4176,-1428,54,54,-1428,54,-1428,54,-1428,54,-1428,54,-2802
twitter.com,58209,81,33,48,1.4545454545454546,590,-60,-590,54,590,-60,-590,590,-60,-1428,-1428,-412,54,590,-60,-590,590,-60,590,-60,-1428,-1428,54,-926,-1428,54,-244,-2802,54,-2802,54,-1428,-1428,54,-1428,-1428,54,-4176,-1428,54
twitter.com,60668,84,39,45,1.1538461538461537,590,-60,-590,54,590,-60,-590,54,590,-60,-2802,54,-412,54,590,-60,590,-60,-590,54,-590,590,-60,-2802,-926,54,-1428,54,-758,54,-1428,54,-1428,-2802,54,54,-1428,54,-2802,54
twitter.com,59862,67,28,39,1.3928571428571428,590,-60,-597,54,-590,54,590,-60,-590,590,-60,-2802,54,-412,590,-60,590,-60,-590,590,-60,-2802,-926,54,-4176,-4176,-1428,54,54,-2802,54,-11016,54,590,-60,-2802,54,-1428,-4176,-1428
twitter.com,60700,79,34,45,1.3235294117647058,590,-60,-590,590,-60,-590,590,-60,-2802,54,-412,590,-60,-590,590,-60,-2802,-926,-1428,54,-2802,-2802,54,54,590,-60,-1428,-1428,54,-2802,54,-1428,-346,54,-2802,54,-2802,-6924,54,54
twitter.com,8348,71,36,35,0.9722222222222222,590,-54,-590,60,590,-54,-590,60,1428,1428,-54,-54,412,-54,-590,60,590,-590,60,1428,1428,-54,2300,-54,-590,60,4176,1428,-54,1428,1428,-54,4176,-54,302,2802,-54,1428,1428,-54
twitter.com,8714,77,36,41,1.1388888888888888,597,-54,-597,60,597,-54,-597,60,2650,571,-54,-597,60,597,-597,60,2650,-54,1085,2650,-54,1352,-54,1352,1352,-54,-54,2650,-54,5246,-54,1352,1352,-54,-54,2650,-54,1352,1352,-54
twitter.com,58938,72,33,39,1.1818181818181819,597,-60,590,-60,-597,54,597,-60,-590,54,-597,597,-60,-2650,54,-571,597,-60,-597,597,-60,-1352,-2383,54,-2650,-3948,54,-2650,54,-2650,54,-2650,54,-2650,-7842,54,54,597,-60,-1352
twitter.com,64658,85,36,49,1.3611111111111112,597,-60,-597,597,-60,590,-60,-590,54,-597,597,-60,-2650,54,-1085,597,-60,-597,597,-60,-2650,54,-1085,-1352,54,-5246,54,-2650,54,-2650,-2650,54,54,-2650,-287,54,-2650,54,-1352,-3948
twitter.com,63694,78,37,41,1.1081081081081081,597,-60,-597,54,597,-60,-597,54,597,-60,-1352,54,-1352,54,-1085,54,597,-60,-597,597,-60,-2650,54,-1085,-2650,54,-5246,54,-1352,54,-590,54,-5246,54,-1352,54,-2650,-1352,54,54
twitter.com,65560,84,37,47,1.2702702702702702,597,-60,-590,54,-597,597,-60,-597,597,-60,-2650,54,-1085,597,-60,-597,597,-60,-1352,-1352,54,-1085,-2650,54,-2650,54,-3948,54,597,-60,-1352,-1878,54,-2650,54,-2650,54,-1352,597,-60
twitter.com,62479,71,34,37,1.088235294117647,597,-60,-597,54,597,-60,-597,54,597,-60,-2650,-1085,54,597,-60,597,-60,-597,597,-60,-590,54,-1352,-1352,54,-1085,54,-2650,54,-6544,54,-2650,-2650,54,54,-1352,54,-1352,54,-10438
twitter.com,60258,87,39,48,1.2307692307692308,590,-60,-590,54,590,-60,-590,54,590,-60,-3160,54,590,-60,-590,54,590,-60,-1428,-1428,-926,54,-2802,54,-412,-1428,54,-1428,-4176,54,-1428,-1428,-1428,54,590,-60,-1428,54,-2802,54
twitter.com,9264,82,40,42,1.05,590,-54,-590,60,590,-590,60,1428,1428,412,-54,-590,60,590,-590,60,1428,1428,-54,926,1428,-54,244,1428,1428,2802,-54,1428,-54,-590,60,1428,1428,-54,1428,-54,4176,1428,-54,-54
twitter.com,71851,123,56,67,1.1964285714285714,590,-60,-590,54,590,-60,-590,54,590,-60,-1428,-1428,54,-412,590,-60,-590,590,-60,-1428,-1428,54,-926,-1428,54,-244,-1428,54,-2802,-1428,54,-1428,54,-1428,-1428,54,54,-1428,54,-2802
twitter.com,58064,94,40,54,1.35,590,-60,-590,54,590,-60,-590,54,590,-60,-1428,54,-1428,-412,54,54,590,-60,-590,590,-60,-1428,-1428,54,-926,-1428,54,-244,-4176,-2802,54,-1428,-1428,54,-1428,-1428,54,-4176,54,-2802
twitter.com,58032,77,31,46,1.4838709677419355,590,-60,-590,54,590,-60,-590,54,590,-60,-1428,-1786,54,54,590,-60,597,-60,-590,590,-60,-1428,-1428,54,-926,-1428,54,-244,-1428,54,-1428,-2802,54,-1428,-1428,54,-1428,-1428,54,-4434
twitter.com,58166,81,34,47,1.3823529411764706,590,-60,-590,54,590,-60,597,-60,-590,54,590,-60,-1428,54,-1428,-412,54,54,590,-60,-590,590,-60,-1428,-1428,54,-926,-1428,54,-244,-1428,54,-1428,-2802,54,-1428,-2802,-1428,54,-1428
twitter.com,58258,68,27,41,1.5185185185185186,590,-60,-590,54,590,-60,-590,54,590,-60,-3674,54,590,-60,-590,590,-60,-1428,-1428,54,-926,-1428,54,-244,-1428,-1428,-5550,54,54,-1428,-1428,54,-2802,54,-1428,-1428,54,-2802,-6924,54
twitter.com,61066,82,37,45,1.2162162162162162,590,-60,-590,54,590,-60,-590,54,590,-60,-2802,54,-926,54,590,-60,-590,590,-60,-1428,-1428,54,-926,54,-1428,54,-1428,54,-926,54,-1428,54,-1428,54,-1428,-4176,54,54,-1428,54
twitter.com,58768,54,23,31,1.3478260869565217,590,-60,-590,54,590,-60,-590,54,590,-60,-1428,-2300,54,54,590,-60,-590,590,-60,-1428,-2300,54,-2802,54,-412,-9672,54,-1428,-1428,-1428,54,590,-60,-1428,-1428,-1428,54,590,-60,-8582
twitter.com,57774,75,35,40,1.1428571428571428,590,-60,-590,54,590,-60,-590,54,590,-60,-3674,54,590,-60,-590,590,-60,-2802,-926,54,-1428,54,-244,54,-1428,-1428,-5550,54,54,54,-1428,54,-1428,54,590,-60,-1428,-3262,54,54
twitter.com,6660,73,39,34,0.8717948717948718,590,-54,-590,60,590,-54,-590,60,3674,-54,-590,60,590,-54,-590,60,2802,-54,1376,-54,1168,-54,1428,-54,1428,-54,2802,2802,-54,-54,1428,-54,1428,-54,1428,-54,1428,-54,1428,-54
twitter.com,59898,84,33,51,1.5454545454545454,590,-60,-590,54,590,-60,-590,54,590,-60,-1428,54,-1428,54,-926,54,590,-60,-590,590,-60,-1428,-1428,54,-1376,-1428,54,-844,-1428,-1428,-1428,-2802,54,54,-1428,-1428,-1428,54,590,-60
twitter.com,60637,82,37,45,1.2162162162162162,590,-60,-590,54,590,-60,-590,54,590,-60,-2802,54,-412,590,-60,-590,590,-60,-1428,-1786,54,-1428,-1272,54,-2802,54,-1428,-1428,54,-1428,54,-1428,54,-1428,54,-1428,54,-972,54,-1428
twitter.com,8232,90,47,43,0.9148936170212766,590,-54,-590,60,590,-54,-590,60,1428,-54,1428,-54,412,-54,-590,60,590,-590,60,1428,1428,-54,926,-54,2802,-54,1428,-54,1428,-54,1428,-54,4176,1428,-54,-54,1428,-54,816,-54
twitter.com,7458,82,43,39,0.9069767441860465,590,-54,-590,60,590,-54,-590,60,1618,-54,-590,60,1618,-54,-590,60,590,-590,60,2802,926,-54,1428,244,-54,1428,1428,-54,1428,-54,2802,-54,1428,-54,1428,-54,2802,648,-54,-54
twitter.com,59147,82,35,47,1.3428571428571427,590,-60,-590,54,590,-60,-590,590,-60,-2802,-412,54,590,-60,-590,590,-60,-3674,54,-1618,54,-1428,-1428,54,-1428,-1428,-1428,54,54,-1428,54,-1428,54,-1428,54,-972,54,-2802,54,-2802
twitter.com,58737,88,39,49,1.2564102564102564,590,-60,-590,54,590,-60,-590,54,590,-60,-1428,-1428,54,-412,590,-60,-590,590,-60,-1428,-1428,54,-926,590,-60,-1428,54,-244,54,-1428,54,-2802,54,-1428,54,-1428,54,-2802,54,-1428
twitter.com,58349,74,33,41,1.2424242424242424,590,-60,-590,54,590,-60,-590,590,-60,-1428,-1786,54,590,-60,590,-60,-590,590,-60,-1428,-1428,54,-926,-1428,54,-244,-6924,54,-1428,-1428,54,-1428,54,-4176,-1428,54,54,-2802,-2802,-1428
twitter.com,58986,71,31,40,1.2903225806451613,597,-60,-597,54,597,-60,-597,54,597,-60,-2650,54,-571,54,597,-60,-597,597,-60,-1352,-327,54,-1352,-1352,54,-1352,-3948,54,-2650,54,-2650,54,-1352,-1352,-2650,54,54,-13034,54,597
twitter.com,59473,91,43,48,1.1162790697674418,597,-60,-597,54,597,-60,-597,54,597,-60,-1352,54,-1352,54,-571,54,597,-60,-597,597,-60,-1352,-1352,54,-1085,-1352,54,-2650,54,-1352,-2650,54,-1352,54,-1352,-1352,54,54,-2650,54
twitter.com,58009,74,32,42,1.3125,597,-60,-597,54,597,-60,-597,54,597,-60,-1352,-1352,54,-571,597,-60,-597,597,-60,-1352,-1352,54,-1085,-1352,54,-1352,-1352,-2650,-1352,54,54,-1352,-1352,-3948,54,54,-1352,54,-1352,-9140
twitter.com,67069,116,57,59,1.0350877192982457,590,-60,-590,54,590,-60,-590,54,590,-60,597,-60,-2802,54,-412,54,590,-60,-590,590,-60,-1618,54,-2802,54,-1428,54,-602,54,74,-1428,-1428,54,54,-1428,54,-2802,54,-1428,54
twitter.com,61532,79,37,42,1.135135135135135,590,-60,-590,54,590,-60,-590,54,590,-60,-1428,54,-1428,54,-412,54,590,-60,-590,590,-60,-1428,-1428,54,-926,-2802,54,-412,-1428,54,-1428,-8298,54,590,-60,-1428,54,-2802,54,-5550
twitter.com,9221,76,35,41,1.1714285714285715,590,-54,-590,60,590,-590,60,1618,-54,1428,-54,244,-54,-590,60,590,-54,-590,60,2802,-54,926,-54,1428,-54,1272,-54,2802,-54,2802,-54,1428,-54,-590,60,1428,2802,-54,1428,4176
twitter.com,59184,77,29,48,1.6551724137931034,590,-60,-590,590,-60,-590,590,-60,-1428,-1428,54,-412,590,-60,-590,590,-60,-1428,-1428,-926,54,-1428,54,-244,-1428,54,-1428,-1428,54,-1428,-1428,54,-1428,590,-60,-1428,-1428,54,-1428,-2802
twitter.com,58711,82,34,48,1.411764705882353,590,-60,-590,54,590,-60,-590,54,590,-60,-1428,-1428,54,54,-412,54,590,-60,-590,590,-60,-1428,-1428,54,-926,-1428,54,-244,-8298,54,590,-60,-1428,-1428,54,-2802,54,-1428,-1428,54
twitter.com,95259,299,139,160,1.1510791366906474,590,-60,-590,54,590,-60,54,-60,-590,54,590,-60,54,-60,-1428,54,-1428,54,-412,54,590,-60,227,-60,237,-60,236,-60,250,-60,-590,590,-60,-336,93,-60,-403,-124,54,93
twitter.com,13880,171,46,125,2.717391304347826,590,-54,-590,60,590,-54,-590,60,1428,244,-54,-54,1428,244,-54,-54,-590,60,-54,-60,590,-54,-590,60,-54,-60,1428,1428,-54,926,-54,1428,-54,244,-54,1428,1428,-54,-54,1428
twitter.com,60510,99,46,53,1.1521739130434783,590,-60,-590,54,590,-60,-590,54,590,-60,-1428,54,-1428,54,-412,54,590,-60,-590,590,-60,-2802,54,-926,54,-1428,54,-244,54,-1428,-1428,54,54,-1428,54,-1428,54,-1428,54,-1428
twitter.com,62950,137,63,74,1.1746031746031746,590,-60,-590,54,590,-60,-597,54,-590,54,590,-60,-2802,-412,54,54,590,-60,-590,590,-60,-2802,54,-926,-1428,54,-244,-1428,54,-1428,-1428,54,-1428,-1428,-1428,54,590,-60,-1428,54
wikipedia.org,38996,82,39,43,1.1025641025641026,597,-60,-597,54,597,-60,-597,597,-60,-2650,54,-1085,54,-597,54,597,-60,-597,54,597,-60,-1352,54,-1352,54,-60,54,590,-60,590,-60,597,-60,590,-60,597,-60,-597,54,597
wikipedia.org,42616,82,39,43,1.1025641025641026,597,-60,-597,54,597,-60,-597,54,597,-60,-2650,-1085,54,54,-597,54,597,-60,-597,597,-60,-1352,-841,54,590,-60,-590,54,597,-60,-597,597,-60,-597,597,-60,-2650,54,-1085,54
wikipedia.org,39224,71,31,40,1.2903225806451613,590,-60,-590,54,590,-60,-590,54,590,-60,-1428,-1428,54,54,-926,54,-590,54,590,-60,-590,590,-60,-2132,54,-590,54,590,-60,590,-60,-590,590,-60,-590,590,-60,-2802,-926,54
wikipedia.org,39760,72,32,40,1.25,590,-60,-590,54,590,-60,-590,54,590,-60,-2802,-926,54,-590,590,-60,-590,590,-60,-2132,54,590,-60,-597,54,-590,54,590,-60,-590,54,590,-60,-590,54,590,-60,-2802,-926,54
wikipedia.org,39217,76,36,40,1.1111111111111112,590,-60,-590,54,590,-60,-590,54,590,-60,-2802,54,-926,54,-590,54,590,-60,-590,590,-60,-2132,54,590,-60,-590,54,590,-60,-590,54,590,-60,-590,54,597,-60,590,-60,-1428
wikipedia.org,39365,76,34,42,1.2352941176470589,590,-60,-590,54,590,-60,-590,54,590,-60,-2802,54,-412,54,-1104,54,590,-60,-590,590,-60,-2646,54,590,-60,597,-60,590,-60,-590,54,-590,590,-60,-590,590,-60,-3674,54,-590
wikipedia.org,40649,83,40,43,1.075,590,-60,-590,54,590,-60,-590,54,-590,54,590,-60,-2802,54,-412,54,-1104,54,590,-60,590,-60,-590,590,-60,-2132,54,-597,54,-590,54,590,-60,590,-60,-590,590,-60,-590,590
wikipedia.org,38694,76,36,40,1.1111111111111112,590,-60,-590,54,590,-60,-590,590,-60,-2802,54,-926,54,-590,54,590,-60,590,-60,-590,54,590,-60,-1428,-758,54,54,-597,54,590,-60,-590,54,590,-60,-590,590,-60,-2802,54
wikipedia.org,8879,66,32,34,1.0625,597,-54,-597,60,597,-597,60,2650,1085,-54,597,-597,60,597,-597,60,2139,-54,-590,-60,-590,-54,-597,60,597,-597,60,597,-597,60,2650,-54,1085,-54,597,-54,-597,60,597,-54
wikipedia.org,37800,73,32,41,1.28125,597,-60,-597,54,597,-60,-597,597,-60,-1352,-1352,54,-571,54,-1111,54,597,-60,-597,54,597,-60,-1352,-841,54,54,597,-60,-590,54,590,-60,590,-60,597,-60,-597,597,-60,-597
wikipedia.org,10776,74,35,39,1.1142857142857143,597,-54,-597,60,-590,-60,597,-54,-597,60,2650,571,-54,-54,2650,-54,60,-54,-597,60,597,-597,60,1352,841,-54,-590,-54,-597,60,597,-597,60,-590,-60,597,-597,60,2650,1085
wikipedia.org,44328,77,32,45,1.40625,597,-60,-597,54,597,-60,-597,54,597,-60,-1352,-1352,54,-1085,597,-60,-1352,-1352,54,-60,597,-60,-597,597,-60,-1514,-679,54,-590,54,590,-60,597,-60,-597,597,-60,-597,597,-60
wikipedia.org,41702,83,37,46,1.2432432432432432,590,-60,-590,54,590,-60,-590,590,-60,-590,54,-1428,-1428,-926,54,597,-60,-590,590,-60,-590,590,-60,-597,54,597,-60,-2646,54,-597,597,-60,-597,54,590,-60,-590,590,-60,-590
wikipedia.org,38672,76,36,40,1.1111111111111112,590,-60,-590,54,590,-60,-590,590,-60,-2802,54,-926,54,-590,54,590,-60,-590,54,590,-60,-1428,54,-758,54,590,-60,590,-60,-590,54,590,-60,-590,590,-60,-1428,-1428,54,-926
wikipedia.org,39639,64,27,37,1.3703703703703705,590,-60,-590,54,590,-60,-590,590,-60,-3160,54,-1104,590,-60,-597,54,-590,590,-60,-2646,54,590,-60,590,-60,-590,590,-60,-590,590,-60,-2802,-926,54,590,-60,-590,590,-60,-590
wikipedia.org,10973,87,43,44,1.0232558139534884,590,-54,-590,60,590,-54,-590,60,590,-54,-590,60,2802,-54,926,-54,590,-54,-590,60,590,-54,-590,60,2132,-54,-597,-54,-590,60,590,-590,60,590,-590,60,1428,1428,-54,926
wikipedia.org,38024,120,39,81,2.076923076923077,590,-54,-590,60,590,-54,-590,60,-597,-60,1428,-54,1428,-54,926,-54,590,-54,-590,60,590,-590,60,1618,-54,1104,-54,-590,60,-597,-60,-597,-60,590,-54,-597,-60,-590,-54,-590
wikipedia.org,9728,67,36,31,0.8611111111111112,590,-54,-590,60,590,-54,-590,60,2802,926,-54,-54,590,-54,-590,60,590,-590,60,1428,758,-54,-590,60,-590,60,-590,60,-597,-54,590,-590,60,590,-590,60,2802,926,-54,590
wikipedia.org,9474,75,39,36,0.9230769230769231,590,-54,-590,60,590,-54,-590,60,3674,-54,590,-54,-590,60,590,-590,60,1428,758,-54,-597,-60,-590,60,590,-590,60,590,-590,60,2802,-54,926,-54,590,-54,-590,60,590,-54
wikipedia.org,39953,82,38,44,1.1578947368421053,590,-60,-590,590,-60,-590,590,-60,-2802,54,-926,54,-590,54,590,-60,597,-60,-590,54,590,-60,-1428,54,-758,54,-590,54,590,-60,-590,54,590,-60,-590,590,-60,-1428,-1428,54
wikipedia.org,38576,73,34,39,1.1470588235294117,590,-60,-590,54,590,-60,-590,54,590,-60,-1428,-1428,54,54,-926,54,-590,54,590,-60,-590,590,-60,-2646,54,590,-60,-590,590,-60,-590,590,-60,-1428,-1428,54,-926,54,-590,54
wikipedia.org,6764,62,36,26,0.7222222222222222,590,-54,-590,60,590,-54,-590,60,2802,-54,926,-54,590,-54,-590,60,590,-590,60,1428,758,-54,-590,60,590,-590,60,590,-590,60,2802,926,-54,590,-590,60,590,-590,60,1428
wikipedia.org,37916,68,31,37,1.1935483870967742,590,-60,-590,54,590,-60,-590,54,590,-60,-2802,54,-926,54,-590,54,590,-60,-590,590,-60,-2646,54,590,-60,-590,590,-60,-590,54,590,-60,-1428,-2300,54,54,-590,54,590,-60
wikipedia.org,37754,63,29,34,1.1724137931034482,590,-60,-590,590,-60,-590,590,-60,-3674,54,-590,590,-60,-590,590,-60,-2646,54,590,-60,590,-60,-590,590,-60,-590,54,590,-60,-3674,54,-590,54,590,-60,-590,54,590,-60,-1428
wikipedia.org,37954,67,30,37,1.2333333333333334,590,-60,-590,54,590,-60,-590,54,590,-60,-1428,-1428,54,54,-926,54,-590,54,590,-60,-590,590,-60,-1428,-758,54,590,-60,-590,590,-60,-590,590,-60,-1428,-1428,54,-926,54,-590
wikipedia.org,38690,78,38,40,1.0526315789473684,590,-60,-590,54,590,-60,-590,54,590,-60,-2802,54,-926,54,-590,54,590,-60,-590,590,-60,-1428,-244,54,-1104,54,590,-60,-590,54,590,-60,-590,54,590,-60,-1428,-1428,54,54
wikipedia.org,37761,76,34,42,1.2352941176470589,590,-60,-590,54,590,-60,-590,54,590,-60,-1428,-1428,54,54,-926,54,-590,54,590,-60,-590,590,-60,-1618,54,-590,54,-597,54,590,-60,-590,54,590,-60,-590,54,590,-60,-2802
wikipedia.org,38933,83,39,44,1.1282051282051282,590,-60,-590,54,590,-60,-590,54,590,-60,-1428,-244,54,54,590,-60,-1428,54,-1272,54,590,-60,-597,54,-590,590,-60,-1428,-758,54,590,-60,590,-60,-590,590,-60,-597,54,-590
wikipedia.org,38866,79,36,43,1.1944444444444444,590,-60,-590,54,590,-60,-597,54,-590,590,-60,-2802,54,-926,54,-590,54,590,-60,-590,54,590,-60,-1428,54,-758,54,597,-60,590,-60,-590,54,590,-60,-590,590,-60,-1618,54
wikipedia.org,38244,76,35,41,1.1714285714285715,590,-60,-590,54,590,-60,-590,54,590,-60,-1428,-244,54,54,-1428,54,-1272,54,590,-60,-597,54,-590,590,-60,-1618,54,-590,54,590,-60,-590,54,590,-60,-590,54,590,-60,-1428
wikipedia.org,8621,64,34,30,0.8823529411764706,590,-590,60,590,-590,60,1428,1428,-54,926,-54,590,-54,-590,60,-597,-60,590,-54,-590,60,2132,-54,590,-54,-590,60,590,-54,-590,60,590,-590,60,2802,926,-54,590,-590,60
wikipedia.org,38970,76,31,45,1.4516129032258065,590,-60,-590,590,-60,-590,590,-60,-2802,-412,54,-1104,590,-60,-590,590,-60,-1428,-244,54,-1104,54,597,-60,590,-60,-590,54,590,-60,-590,54,590,-60,-1428,54,-2300,54,-590,54
wikipedia.org,37627,73,35,38,1.0857142857142856,597,-60,-597,54,597,-60,-597,54,597,-60,-1352,-1352,54,54,-1085,54,-597,54,597,-60,-597,597,-60,-597,54,-1352,54,-841,54,590,-60,597,-60,-597,54,597,-60,-597,54,597
wikipedia.org,38874,76,35,41,1.1714285714285715,597,-60,-597,54,597,-60,-597,54,597,-60,-2650,54,-1085,54,597,-60,-597,597,-60,-597,597,-60,-1352,-327,54,-1111,54,590,-60,597,-60,597,-60,-597,54,597,-60,-597,54,597
wikipedia.org,40967,84,41,43,1.048780487804878,590,-60,-590,54,590,-60,-590,54,590,-60,-1428,-244,54,54,-1428,54,-1272,54,590,-60,-590,54,590,-60,597,-60,-1428,-1272,54,54,-590,54,590,-60,-590,54,-597,54,590,-60
wikipedia.org,38210,78,37,41,1.1081081081081081,590,-60,-590,590,-60,-590,590,-60,-2802,-926,54,54,-590,54,590,-60,-590,54,590,-60,-1514,54,-672,54,597,-60,590,-60,590,-60,-590,54,590,-60,-590,590,-60,-2802,54,-926
wikipedia.org,10667,74,36,38,1.0555555555555556,60,590,-54,-590,60,590,-54,-590,60,2802,926,-54,590,-590,60,590,-590,60,-590,-60,2132,-54,-597,-60,590,-54,-590,60,590,-54,-590,60,590,-54,-590,60,2802,-54,926,-54
wikipedia.org,38227,77,36,41,1.1388888888888888,590,-60,-590,54,590,-60,-590,54,590,-60,-1428,-1428,54,54,-926,54,-590,54,590,-60,-590,590,-60,-1618,54,-590,54,590,-60,-590,54,590,-60,-590,54,590,-60,-1428,54,-1428
wikipedia.org,8342,75,40,35,0.875,590,-54,-590,60,590,-54,-590,60,1428,1428,-54,-54,926,-54,590,-54,-590,60,590,-590,60,1428,758,-54,-590,60,590,-590,60,590,-590,60,1428,1428,-54,412,-54,1104,-54,-590
wikipedia.org,37929,67,31,36,1.1612903225806452,590,-60,-590,54,590,-60,-590,54,590,-60,-2802,54,-926,54,-590,54,590,-60,-590,590,-60,-1428,-244,54,-1104,54,590,-60,-590,54,590,-60,-590,54,590,-60,-597,54,-2802,-926
wikipedia.org,57018,257,120,137,1.1416666666666666,590,-60,-590,54,590,-60,-590,54,590,-60,93,-60,-93,54,-2802,54,-412,54,54,-60,-1104,54,590,-60,-590,-597,54,590,-60,-1428,-1272,54,93,-60,-93,54,74,54,74,-60
wikipedia.org,80580,438,200,238,1.19,590,-60,-590,54,590,-60,-590,54,590,-60,-1428,54,-1428,54,-926,54,-590,54,590,-60,-590,590,-60,-1428,-244,54,-590,54,54,-60,54,-60,236,-60,-209,-124,54,93,-60,54
wikipedia.org,8642,82,43,39,0.9069767441860465,590,-54,-590,60,590,-590,60,1428,1428,-54,1376,-54,140,-54,-590,60,590,-54,-590,60,1428,-54,244,-54,590,-54,-590,60,590,-54,-590,60,590,-590,60,1428,244,-54,1428,1272
wikipedia.org,37975,86,41,45,1.0975609756097562,590,-60,-590,54,590,-60,-590,54,590,-60,-1428,54,-1428,54,-412,54,-1104,54,590,-60,-590,590,-60,-2132,54,100,-60,-100,54,590,-60,590,-60,-590,590,-60,-590,590,-60,597
yahoo.com,14252,87,44,43,0.9772727272727273,597,-54,-597,60,597,-597,60,1352,1352,1085,-54,-54,597,-54,-597,60,597,-54,-597,60,597,-54,-597,60,1111,-54,-590,-54,-597,60,597,-54,-597,60,-590,-60,597,-54,-597,60
yahoo.com,15280,96,44,52,1.1818181818181819,597,-54,-597,60,597,-54,-597,60,2650,-54,1085,-54,597,-54,-597,60,597,-54,-597,60,-590,-54,597,-54,-597,60,1111,-54,-590,-54,-597,60,597,-54,-597,60,597,-54,-597,60
yahoo.com,16066,101,52,49,0.9423076923076923,590,-54,-590,60,590,-54,-590,60,3674,-54,590,-54,-590,60,590,-590,60,590,-590,60,1104,-54,-597,-54,-590,60,590,-54,-590,60,590,-54,-590,60,2802,926,-54,-54,590,-54
yahoo.com,35532,99,44,55,1.25,590,-60,-590,54,590,-60,-590,590,-60,597,-60,-2802,-926,54,-590,590,-60,-590,590,-60,-1428,-244,54,597,-60,590,-60,-590,590,-60,-590,590,-60,-2802,54,-926,54,-590,54,590
yahoo.com,38607,114,51,63,1.2352941176470589,590,-60,-590,54,590,-60,-590,54,590,-60,-2802,54,-926,54,-590,54,590,-60,-590,590,-60,597,-60,-1428,-244,54,-590,54,590,-60,-590,590,-60,-590,590,-60,-1428,-1428,54,-926
yahoo.com,36931,116,56,60,1.0714285714285714,590,-60,-590,54,590,-60,-590,54,590,-60,-2802,54,-926,54,-590,54,590,-60,-590,590,-60,-590,54,-1104,54,-597,54,590,-60,-590,54,590,-60,-590,54,590,-60,-1428,-1428,54
yahoo.com,38382,109,51,58,1.1372549019607843,590,-60,-590,54,590,-60,-590,54,590,-60,-2802,-926,54,54,-590,54,590,-60,-590,590,-60,-590,590,-60,-1104,54,-590,54,-597,54,590,-60,-590,54,590,-60,-590,54,590,-60
yahoo.com,28342,85,38,47,1.236842105263158,590,-60,-590,54,590,-60,597,-60,-590,590,-60,-1428,-1428,54,-926,54,-590,54,590,-60,-590,54,590,-60,-590,54,590,-60,-1104,54,590,-60,590,-60,-590,54,590,-60,-590,54
yahoo.com,270132,237,107,130,1.2149532710280373,597,-60,-597,54,597,-60,-597,54,597,-60,-2650,54,-1085,54,-597,54,597,-60,-597,597,-60,590,-60,-1625,54,590,-60,597,-60,-597,597,-60,-597,597,-60,-1352,-1352,54,-1085,54
yahoo.com,271625,205,83,122,1.4698795180722892,597,-60,-597,597,-60,-597,597,-60,-590,54,-1352,-1352,-1085,54,54,-597,54,597,-60,-597,54,597,-60,-1352,-327,54,54,597,-60,-597,54,597,-60,-597,597,-60,-590,-1352,54,-2383
yahoo.com,273603,216,89,127,1.4269662921348314,597,-60,-597,54,597,-60,-597,54,597,-60,-590,-1352,54,-1352,54,-1085,54,-597,54,597,-60,-597,54,597,-60,-1352,-327,54,54,-590,54,597,-60,-597,54,597,-60,-597,54,597
yahoo.com,276943,250,105,145,1.380952380952381,597,-60,-590,54,-597,54,597,-60,-597,54,597,-60,-2650,54,-1085,54,-597,54,597,-60,590,-60,-597,597,-60,-1352,-327,54,590,-60,597,-60,-597,597,-60,-597,597,-60,-2650,-1085
yahoo.com,43139,120,51,69,1.3529411764705883,590,-60,-590,54,590,-60,-590,54,590,-60,-1428,-1428,54,54,-926,54,-590,54,590,-60,-590,590,-60,-1428,-244,54,590,-60,590,-60,-590,590,-60,-590,590,-60,-3674,54,-590,590
yahoo.com,55508,132,59,73,1.2372881355932204,590,-60,-590,54,590,-60,-590,54,590,-60,-2802,-926,54,-590,590,-60,-590,590,-60,-1618,54,590,-60,590,-60,-590,590,-60,-597,54,-590,590,-60,-1618,54,-1428,54,-1272,54,590
yahoo.com,56739,142,64,78,1.21875,590,-60,-590,54,590,-60,-590,54,590,-60,-1428,-244,54,54,-1428,54,-1272,54,590,-60,590,-60,-590,590,-60,-1428,-244,54,-597,54,590,-60,-590,590,-60,-590,590,-60,-2802,-926
yahoo.com,14159,34,15,19,1.2666666666666666,590,-60,-590,54,590,-60,-590,590,-60,-2802,-926,54,-590,590,-60,-590,590,-60,-1618,54,-1126,-1514,-1514,590,597,-60,-223,54,-1514,54,-202,54,590,1111,0,0,0,0,0,0
yahoo.com,16125,121,61,60,0.9836065573770492,590,-54,-590,60,590,-54,-590,60,1428,1428,-54,926,-54,590,-54,-590,60,590,-54,-590,60,1104,-54,-590,60,590,-54,-597,-54,-590,60,590,-54,-590,60,590,-54,-590,60,1428
yahoo.com,16042,113,55,58,1.0545454545454545,590,-54,-590,60,590,-54,-590,60,1428,-54,1428,-54,926,-54,590,-54,-590,60,590,-590,60,1104,-590,60,590,-54,-597,-60,-590,60,590,-54,-590,60,590,-54,-590,60,3674,-54
yahoo.com,43988,111,52,59,1.1346153846153846,590,-60,-590,54,590,-60,-590,54,590,-60,-2802,-926,54,54,-590,54,590,-60,-590,590,-60,-1618,54,590,-60,-590,590,-60,-590,590,-60,-1428,-1428,54,-926,54,-590,54,590,-60
yahoo.com,13982,107,57,50,0.8771929824561403,590,-54,-590,60,590,-590,60,2802,-54,926,-54,590,-54,-590,60,590,-54,-590,60,1618,-54,-590,60,590,-54,-590,60,590,-590,60,2802,926,-54,590,-590,60,590,-590,60,1428
yahoo.com,45883,114,53,61,1.150943396226415,590,-60,-590,54,590,-60,-590,54,590,-60,-2802,54,-926,54,-590,54,590,-60,74,-590,54,590,-60,-60,54,141,-60,-243,-60,54,54,-60,-590,54,-1428,54,-244,54,590,-60
yahoo.com,46184,108,47,61,1.297872340425532,590,-60,-590,54,590,-60,-590,54,590,-60,-3674,54,-590,54,590,-60,-590,590,-60,-1428,-244,54,590,-60,-590,590,-60,-590,590,-60,-1428,-1428,-926,54,-590,590,-60,-590,590,-60
yahoo.com,44382,95,38,57,1.5,590,-60,-590,54,590,-60,-590,590,-60,-1428,-1428,54,-926,590,-60,-590,590,-60,-590,590,-60,-1618,54,590,-60,-590,590,-60,-590,590,-60,-3674,54,-590,590,-60,-590,590,-60,-1428
yahoo.com,44042,110,51,59,1.1568627450980393,590,-60,-590,54,590,-60,-590,54,590,-60,-3674,54,-590,54,590,-60,-590,590,-60,-590,54,-1104,54,590,-60,-590,54,590,-60,-590,54,590,-60,-1428,54,-244,54,-1428,54,-1272
yahoo.com,46346,113,49,64,1.3061224489795917,590,-60,-590,54,590,-60,-590,54,590,-60,-2802,54,-1376,590,-60,-140,590,-60,-590,590,-60,-590,-1428,54,-244,54,590,-60,-590,54,590,-60,-590,54,590,-60,-1428,-1428,54,54
yahoo.com,45562,101,42,59,1.4047619047619047,590,-60,-590,54,590,-60,-590,54,590,-60,-2802,54,-1376,54,-140,54,590,-60,-590,590,-60,-590,54,-1104,54,590,-60,-590,54,590,-60,-590,54,590,-60,-4124,54,-140,54,590
yahoo.com,15290,106,52,54,1.0384615384615385,590,-54,-590,60,590,-54,-590,60,2802,-54,926,-54,-597,-54,590,-54,-590,60,590,-54,-590,60,1618,-54,-590,60,590,-54,-590,60,590,-54,-590,60,1428,1428,926,-54,-54,-54
yahoo.com,32548,95,46,49,1.065217391304348,590,-60,-590,54,590,-60,-590,54,590,-60,-3674,54,-590,54,590,-60,-590,590,-60,-590,54,-1104,54,590,-60,-590,54,590,-60,-590,54,590,-60,597,-60,-1428,-1428,-926,54,54
yahoo.com,39388,126,60,66,1.1,590,-60,597,-60,-590,54,590,-60,-590,54,590,-60,-3674,54,-590,54,590,-60,-590,54,590,-60,-1428,-244,54,54,590,-60,-590,54,590,-60,-590,54,590,-60,-1428,-1428,54,54
yahoo.com,45443,133,60,73,1.2166666666666666,590,-60,-590,54,590,-60,-590,54,590,-60,-1428,-244,54,54,-1428,54,-1272,54,590,-60,-590,590,-60,-1428,-244,54,590,-60,-590,590,-60,-590,590,-60,-1428,-1428,54,-926,54,-590
yahoo.com,44108,125,56,69,1.2321428571428572,590,-60,-590,590,-60,-590,590,-60,-1428,-1428,54,-926,54,-590,54,590,-60,-590,54,590,-60,-597,54,-2132,54,590,-60,-590,54,590,-60,-590,590,-60,-1428,-1428,54,-926,54,-590
yahoo.com,42422,119,53,66,1.2452830188679245,590,-60,-590,54,590,-60,-590,54,590,-60,-2802,54,-926,54,590,-60,-590,590,-60,-1428,-244,54,590,-60,-590,590,-60,-590,590,-60,-3674,54,-590,590,-60,-590,590,-60,-1618,54
yahoo.com,34190,102,47,55,1.1702127659574468,597,-60,-597,54,597,-60,-597,54,597,-60,-590,54,-1352,-1352,54,54,-1085,54,-597,54,597,-60,-597,597,-60,-597,597,-60,-1111,54,597,-60,-597,54,597,-60,-597,54,597,-60
yahoo.com,33911,101,46,55,1.1956521739130435,597,-60,-333,54,-597,54,597,-60,-597,54,597,-60,-3681,54,-597,54,597,-60,-597,54,597,-60,-2139,54,590,-60,597,-60,-597,597,-60,-597,597,-60,-1352,-1352,54,-1085,54,-597
yahoo.com,20926,202,102,100,0.9803921568627451,590,-54,-590,60,590,-54,-590,60,1428,244,-54,-54,1428,-54,1272,-54,-590,60,590,-590,60,1428,244,-54,-590,60,590,-590,60,590,-590,60,2802,-54,926,-597,-60,-54,-590,-54
yahoo.com,270786,201,91,110,1.2087912087912087,590,-60,-590,590,-60,-590,590,-60,-2802,-926,54,54,-590,54,590,-60,-590,54,590,-60,-1428,-244,54,54,597,-60,590,-60,-590,54,590,-60,-590,590,-60,-1428,-1428,54,-926,54
yahoo.com,269536,193,87,106,1.2183908045977012,590,-60,-590,590,-60,-590,590,-60,-2802,54,-926,54,-590,54,590,-60,-590,54,590,-60,-1618,54,590,-60,590,-60,-590,54,590,-60,-590,590,-60,-2802,54,-926,54,-590,54,590
yahoo.com,276145,166,73,93,1.273972602739726,590,-60,-590,54,590,-60,-590,54,590,-60,-590,54,-1428,-1428,54,54,-412,54,-1104,54,590,-60,-590,590,-60,-1428,-244,54,597,-60,590,-60,590,-60,-590,590,-60,-590,590,-60
yahoo.com,44141,113,52,61,1.1730769230769231,590,-60,-590,54,590,-60,-590,54,590,-60,-2802,54,-926,54,-590,54,590,-60,-590,54,590,-60,-1428,54,-244,54,590,-60,-590,54,590,-60,-590,590,-60,-1428,-1428,54,-926,54
yahoo.com,44820,108,45,63,1.4,590,-60,-590,54,590,-60,-590,54,590,-60,-1428,54,-244,54,-1428,54,-1272,54,590,-60,-590,590,-60,-1104,590,-60,-590,54,597,-60,590,-60,-590,54,590,-60,-590,54,590,-60
yahoo.com,33246,166,73,93,1.273972602739726,590,-60,-597,54,-590,54,590,-60,54,-60,-590,54,590,-60,-2802,-926,54,54,-590,54,590,-60,-590,54,590,-60,-1428,-244,54,590,-60,597,-60,93,-60,-93,54,-590,590,-60
yahoo.com,32414,188,90,98,1.0888888888888888,590,-60,-590,54,-590,54,590,-60,-590,54,590,-60,597,-60,-1428,-1428,54,54,-926,54,-590,54,590,-60,-590,590,-60,-1428,-244,54,54,-60,54,54,-60,-60,100,93,85,54
yahoo.com,28980,94,45,49,1.0888888888888888,590,-60,-590,54,590,-60,-590,54,590,-60,-1428,-1428,54,54,-926,54,590,-60,-590,54,590,-60,-590,54,590,-60,-590,54,-1428,54,-244,54,-597,54,590,-60,-590,54,590,-60
yahoo.com,16946,56,26,30,1.1538461538461537,590,-60,-590,54,590,-60,-590,54,590,-60,-1428,-1428,54,-926,54,-590,54,590,-60,-590,54,590,-60,-1428,-244,54,54,590,-60,93,-60,-590,54,590,-60,-93,54,-590,590,-60
